time,ax,ay,az,atotal
0.008057832717895508,0.27,0.13,-0.07,0.3
0.01773691177368164,0.22,0.01,0.1,0.24
0.027771949768066406,0.1,-0.06,-0.04,0.12
0.03775477409362793,0.14,0.09,-0.06,0.17
0.047804832458496094,0.08,0.07,-0.22,0.24
0.057858943939208984,0.06,0.13,-0.07,0.15
0.08122086524963379,0.0,0.36,0.02,0.36
0.08411478996276855,0.03,0.26,0.03,0.26
0.0879206657409668,0.14,-0.11,-0.21,0.27
0.09804677963256836,0.12,0.11,-0.31,0.35
0.11014485359191895,0.3,0.36,-0.47,0.66
0.11985588073730469,0.33,0.26,-1.09,1.16
0.12984275817871094,0.5,0.52,-0.82,1.09
0.13977479934692383,0.48,0.79,-1.0,1.36
0.15014076232910156,0.36,0.75,-0.88,1.21
0.16001176834106445,0.22,0.65,-0.68,0.96
0.18632888793945312,0.15,0.61,-0.51,0.8
0.18914580345153809,0.11,0.58,-0.42,0.72
0.19162988662719727,0.08,0.57,-0.27,0.63
0.20004892349243164,0.03,0.57,-0.17,0.59
0.21147680282592773,-0.04,0.61,-0.08,0.61
0.21974468231201172,-0.04,0.66,0.1,0.66
0.22996091842651367,-0.01,0.66,0.14,0.67
0.2399287223815918,0.04,0.67,-0.02,0.67
0.25005197525024414,0.13,0.71,-0.3,0.78
0.2642338275909424,0.23,0.76,-0.55,0.96
0.28412771224975586,0.28,0.82,-0.71,1.12
0.2868647575378418,0.33,0.88,-0.84,1.26
0.2902238368988037,0.43,0.78,-1.12,1.43
0.3004589080810547,0.6,0.7,-1.39,1.66
0.3107728958129883,0.8,0.63,-1.6,1.89
0.3204526901245117,1.03,0.63,-1.78,2.15
0.3305788040161133,1.19,0.6,-2.0,2.4
0.3402588367462158,1.38,0.53,-2.21,2.65
0.35074567794799805,1.45,0.43,-2.39,2.82
0.36478185653686523,1.64,0.41,-2.67,3.16
0.38510680198669434,1.82,0.41,-3.2,3.7
0.3876986503601074,1.97,0.19,-3.69,4.18
0.3905038833618164,2.33,0.21,-4.07,4.69
0.4007759094238281,2.47,0.09,-4.47,5.1
0.4106588363647461,2.51,-0.08,-4.88,5.48
0.4212038516998291,2.44,-0.27,-5.2,5.75
0.43078184127807617,1.95,-0.61,-5.27,5.65
0.4410288333892822,1.12,-1.19,-5.02,5.27
0.4508798122406006,0.63,-1.23,-4.29,4.5
0.4612388610839844,0.27,-1.13,-3.54,3.72
0.4902198314666748,0.12,-1.15,-2.98,3.19
0.4928169250488281,0.19,-1.11,-2.69,2.91
0.4952516555786133,0.22,-0.98,-2.69,2.87
0.5011477470397949,0.23,-0.68,-2.73,2.82
0.5109686851501465,0.38,-0.28,-2.81,2.84
0.5214188098907471,0.67,0.1,-3.04,3.11
0.5311667919158936,0.95,0.36,-3.51,3.65
0.5410277843475342,0.93,0.51,-4.03,4.16
0.5513319969177246,0.83,0.68,-4.1,4.23
0.5619068145751953,0.97,0.91,-3.78,4.0
0.5865416526794434,1.11,0.82,-3.57,3.82
0.5893039703369141,1.27,0.48,-3.52,3.77
0.5917787551879883,1.54,0.17,-3.63,3.94
0.6016659736633301,1.8,-0.07,-3.9,4.29
0.6113829612731934,1.78,-0.45,-4.3,4.67
0.6214709281921387,1.69,-0.84,-4.54,4.91
0.6317458152770996,1.48,-1.4,-4.33,4.78
0.6414957046508789,1.13,-2.17,-3.72,4.45
0.6515278816223145,0.82,-2.66,-2.85,3.98
0.6624448299407959,0.68,-3.18,-2.09,3.86
0.6902048587799072,0.43,-3.8,-1.5,4.1
0.6927897930145264,0.06,-4.59,-1.1,4.72
0.6955108642578125,-0.31,-5.51,-0.87,5.58
0.701901912689209,-0.92,-6.81,-0.66,6.9
0.7118678092956543,-1.7,-8.58,-0.28,8.75
0.7218568325042725,-2.83,-10.69,-0.04,11.05
0.7318868637084961,-4.3,-12.72,0.35,13.43
0.7420628070831299,-5.99,-14.33,1.28,15.58
0.7559256553649902,-8.17,-15.74,2.15,17.86
0.7623047828674316,-10.69,-17.1,2.65,20.33
0.787355899810791,-13.23,-17.58,3.08,22.21
0.7910537719726562,-15.13,-15.79,3.71,22.18
0.793698787689209,-15.64,-11.89,4.28,20.1
0.8021857738494873,-14.98,-7.75,4.5,17.45
0.811978816986084,-13.63,-4.35,4.7,15.05
0.82244873046875,-12.12,-1.89,4.59,13.09
0.8321809768676758,-10.69,-0.5,4.32,11.54
0.8422818183898926,-9.38,0.56,4.3,10.33
0.8528218269348145,-8.21,1.07,4.14,9.25
0.8663327693939209,-7.21,1.21,3.77,8.22
0.8877997398376465,-6.35,1.27,3.18,7.21
0.8904647827148438,-5.6,1.53,2.68,6.39
0.8929266929626465,-4.91,1.72,2.21,5.65
0.9025897979736328,-4.22,1.78,1.58,4.84
0.9123578071594238,-3.4,1.95,0.98,4.04
0.9227819442749023,-2.73,1.97,0.33,3.38
0.9325258731842041,-2.17,1.82,-0.01,2.83
0.9428997039794922,-1.66,1.71,-0.03,2.38
0.9564018249511719,-1.25,1.8,0.47,2.24
0.9626438617706299,-0.97,1.94,1.16,2.45
0.9908847808837891,-0.82,2.05,1.8,2.84
0.9941098690032959,-0.78,2.22,2.43,3.38
0.9965996742248535,-0.79,2.51,2.97,3.96
1.0027868747711182,-0.91,2.92,3.41,4.58
1.0125398635864258,-1.08,3.34,3.74,5.12
1.0228767395019531,-1.27,3.78,3.88,5.56
1.032782793045044,-1.46,4.21,3.69,5.78
1.0429878234863281,-1.67,4.53,3.29,5.84
1.0527839660644531,-1.92,4.73,2.86,5.85
1.063838005065918,-2.21,4.79,2.38,5.78
1.09077787399292,-2.56,4.74,1.89,5.7
1.0935118198394775,-3.0,4.55,1.47,5.64
1.095930814743042,-3.44,4.33,1.14,5.64
1.1029348373413086,-3.92,4.12,0.96,5.76
1.112900733947754,-4.37,3.94,0.94,5.95
1.1227848529815674,-4.91,3.57,0.96,6.14
1.1331477165222168,-5.49,2.95,1.09,6.32
1.1433320045471191,-5.93,2.36,1.42,6.53
1.153160810470581,-6.34,1.74,1.86,6.83
1.16383695602417,-6.66,1.1,2.28,7.12
1.1874668598175049,-6.77,0.55,2.74,7.32
1.190269947052002,-6.73,0.13,3.05,7.39
1.193457841873169,-6.52,-0.1,3.15,7.24
1.2032909393310547,-6.24,-0.2,3.01,6.93
1.2134499549865723,-5.84,-0.08,2.64,6.4
1.2234129905700684,-5.52,0.08,2.0,5.87
1.2335388660430908,-5.45,-0.11,0.99,5.54
1.243515968322754,-5.63,-0.89,-0.29,5.7
1.2586748600006104,-5.98,-1.99,-1.69,6.52
1.2635788917541504,-6.31,-2.8,-2.94,7.5
1.2919747829437256,-6.72,-3.09,-4.16,8.48
1.2957396507263184,-6.73,-2.26,-4.55,8.43
1.2983007431030273,-6.38,-0.66,-3.71,7.4
1.303572654724121,-6.11,0.72,-2.54,6.65
1.313783884048462,-5.88,1.58,-1.41,6.24
1.3234548568725586,-5.54,1.93,-0.38,5.87
1.3337349891662598,-5.16,1.88,0.33,5.5
1.3443946838378906,-4.71,1.48,0.76,4.99
1.3545007705688477,-4.36,0.62,1.02,4.52
1.3676056861877441,-4.01,-0.57,1.13,4.2
1.3879468441009521,-3.6,-1.77,1.1,4.15
1.390934944152832,-3.13,-2.88,0.9,4.34
1.3941149711608887,-2.68,-3.8,0.76,4.71
1.4039018154144287,-2.18,-4.46,0.91,5.04
1.4141159057617188,-1.53,-4.65,1.19,5.03
1.423858880996704,-0.87,-4.24,1.47,4.57
1.4341459274291992,-0.29,-3.54,1.78,3.97
1.444220781326294,0.21,-2.7,2.04,3.39
1.4549179077148438,0.64,-1.91,2.16,2.95
1.4684157371520996,0.97,-1.24,2.19,2.69
1.488853931427002,1.25,-0.81,2.13,2.59
1.4914748668670654,1.42,-0.75,1.98,2.54
1.494196891784668,1.52,-1.07,1.92,2.67
1.5043678283691406,1.68,-1.49,2.02,3.02
1.5144267082214355,1.8,-2.02,2.13,3.44
1.5242187976837158,1.86,-2.61,2.24,3.91
1.5343928337097168,1.88,-3.24,2.42,4.45
1.5446457862854004,1.96,-3.81,2.66,5.04
1.5546438694000244,2.06,-4.25,2.93,5.55
1.5649018287658691,2.14,-4.59,3.18,5.97
1.5921239852905273,2.23,-4.84,3.41,6.32
1.5947868824005127,2.37,-4.96,3.63,6.58
1.5973320007324219,2.54,-4.92,3.89,6.76
1.6046319007873535,2.72,-4.81,4.09,6.87
1.6147398948669434,2.9,-4.67,4.17,6.89
1.624837875366211,3.04,-4.54,4.19,6.88
1.6347148418426514,3.17,-4.44,4.2,6.88
1.6448307037353516,3.28,-4.35,4.18,6.86
1.6549758911132812,3.39,-4.36,4.11,6.88
1.669428825378418,3.49,-4.49,4.0,6.95
1.6873979568481445,3.55,-4.83,3.85,7.12
1.6900959014892578,3.6,-5.36,3.67,7.42
1.694922924041748,3.68,-5.94,3.53,7.82
1.7051608562469482,3.8,-6.41,3.49,8.22
1.715134859085083,3.98,-6.68,3.5,8.52
1.72515869140625,4.14,-6.83,3.46,8.7
1.7355787754058838,4.14,-7.1,3.22,8.82
1.749464988708496,3.87,-7.76,2.8,9.11
1.7553458213806152,3.49,-8.51,2.27,9.47
1.7697608470916748,3.18,-9.02,1.92,9.75
1.788064956665039,3.01,-8.86,1.98,9.56
1.7913038730621338,3.01,-7.77,2.34,8.65
1.7952947616577148,2.82,-6.28,2.65,7.37
1.8052239418029785,2.47,-4.68,2.71,5.94
1.8156399726867676,1.98,-3.08,2.36,4.35
1.8256218433380127,1.36,-2.0,1.49,2.84
1.8355398178100586,0.57,-1.48,0.27,1.6
1.8474738597869873,-0.11,-1.45,-0.93,1.72
1.8555469512939453,-0.69,-2.13,-1.97,2.98
1.87037992477417,-1.08,-3.21,-2.63,4.28
1.8889589309692383,-1.36,-4.27,-2.75,5.25
1.8924369812011719,-1.85,-5.39,-2.5,6.22
1.8953478336334229,-1.98,-5.39,-1.07,5.84
1.9056386947631836,-2.18,-4.5,0.57,5.03
1.9157729148864746,-2.45,-3.41,2.05,4.67
1.9256219863891602,-2.56,-2.2,3.37,4.76
1.9361109733581543,-2.67,-0.8,4.23,5.06
1.9459266662597656,-2.79,0.43,4.49,5.3
1.956270694732666,-2.93,1.4,3.99,5.14
1.970780849456787,-3.11,2.07,2.76,4.64
1.9901046752929688,-3.21,2.43,0.99,4.14
1.992771863937378,-3.15,2.66,-0.9,4.21
1.9960627555847168,-2.92,2.85,-2.52,4.79
2.005861759185791,-2.57,2.98,-3.72,5.41
2.0162577629089355,-2.0,3.14,-4.07,5.51
2.026272773742676,-1.55,3.1,-3.82,5.15
2.036348819732666,-1.35,2.89,-3.19,4.51
2.0462470054626465,-1.17,2.61,-2.2,3.6
2.0562307834625244,-1.12,2.23,-1.09,2.72
2.067180871963501,-1.2,1.82,-0.23,2.19
2.093268871307373,-1.34,1.63,0.6,2.19
2.0962538719177246,-1.56,1.46,1.28,2.49
2.098794937133789,-1.92,1.34,1.68,2.88
2.1062707901000977,-2.32,1.23,1.91,3.24
2.116663932800293,-2.92,1.36,2.0,3.79
2.1266427040100098,-3.56,1.45,1.97,4.31
2.136471748352051,-4.3,1.31,1.7,4.8
2.1468119621276855,-5.09,1.17,1.48,5.42
2.1564228534698486,-5.97,0.85,1.27,6.16
2.170264720916748,-6.95,0.28,1.08,7.03
2.1898536682128906,-7.93,-0.45,1.02,8.0
2.192645788192749,-8.8,-1.13,1.25,8.95
2.196713924407959,-9.47,-1.58,1.82,9.77
2.2066287994384766,-9.91,-1.72,2.83,10.44
2.2166199684143066,-10.08,-1.52,4.13,10.99
2.227177858352661,-9.99,-1.06,5.3,11.35
2.236790657043457,-10.05,-1.01,5.77,11.63
2.2473278045654297,-10.5,-1.82,5.15,11.83
2.256863832473755,-10.77,-2.44,3.97,11.73
2.2705698013305664,-10.63,-2.34,2.72,11.21
2.292865753173828,-10.06,-1.47,1.66,10.3
2.296700954437256,-9.0,-0.1,1.48,9.12
2.2992727756500244,-7.85,1.01,1.87,8.13
2.30703067779541,-7.03,1.5,2.11,7.49
2.3170738220214844,-6.46,1.45,1.91,6.89
2.327035903930664,-5.98,0.84,1.35,6.18
2.3376338481903076,-5.56,-0.11,0.63,5.59
2.3471570014953613,-5.09,-0.99,-0.06,5.18
2.357923984527588,-4.52,-1.61,-0.63,4.83
2.371055841445923,-3.86,-1.95,-0.93,4.42
2.392058849334717,-3.15,-2.06,-0.92,3.87
2.3947978019714355,-2.51,-1.95,-0.55,3.22
2.3972268104553223,-1.94,-1.71,0.01,2.58
2.40724778175354,-1.46,-1.47,0.6,2.15
2.4174509048461914,-1.0,-1.09,1.21,1.91
2.4273808002471924,-0.61,-0.51,1.83,1.99
2.437753677368164,-0.33,0.06,2.22,2.24
2.447483777999878,-0.13,0.42,2.6,2.63
2.457261800765991,0.1,0.54,2.88,2.93
2.4681549072265625,0.33,0.59,2.97,3.04
2.494509696960449,0.62,0.37,2.99,3.07
2.4981977939605713,0.9,-0.15,2.97,3.1
2.5007519721984863,1.15,-0.94,2.81,3.17
2.5075957775115967,1.38,-1.73,2.65,3.45
2.517913818359375,1.64,-2.45,2.68,3.98
2.5276317596435547,1.94,-3.11,2.82,4.62
2.537874698638916,2.17,-3.67,2.95,5.18
2.5477688312530518,2.39,-4.0,3.18,5.64
2.55784273147583,2.6,-4.21,3.42,6.01
2.568551778793335,2.7,-4.3,3.6,6.22
2.597665786743164,2.72,-4.2,3.82,6.29
2.6013689041137695,2.65,-3.91,4.07,6.23
2.604078769683838,2.54,-3.41,4.32,6.06
2.607954978942871,2.38,-2.76,4.58,5.85
2.6181459426879883,2.21,-2.15,4.66,5.58
2.6280908584594727,1.99,-1.88,4.47,5.24
2.638033866882324,1.59,-2.1,4.27,5.01
2.648077964782715,1.26,-2.47,4.16,4.99
2.6589407920837402,0.9,-2.95,4.01,5.05
2.6720387935638428,0.5,-3.47,3.96,5.28
2.694617748260498,0.22,-3.79,4.14,5.61
2.6983346939086914,0.12,-3.87,4.53,5.95
2.7008137702941895,0.17,-3.68,5.0,6.21
2.708331823348999,0.35,-3.35,5.44,6.39
2.7184367179870605,0.58,-3.26,5.67,6.56
2.72841477394104,0.53,-3.9,5.2,6.52
2.738417863845825,0.35,-5.32,4.4,6.91
2.7486398220062256,0.46,-6.59,3.88,7.66
2.7593648433685303,0.74,-7.57,3.5,8.37
2.772716999053955,1.21,-8.15,3.38,8.9
2.7920117378234863,1.77,-8.25,3.35,9.07
2.794731855392456,2.33,-7.94,2.97,8.79
2.7988719940185547,2.76,-7.26,2.12,8.05
2.8087778091430664,3.11,-6.32,0.96,7.1
2.8187408447265625,3.22,-5.58,-0.53,6.46
2.8286566734313965,3.11,-5.14,-2.22,6.4
2.8389978408813477,3.05,-4.76,-3.53,6.66
2.8488988876342773,2.97,-4.5,-4.32,6.9
2.864194869995117,2.89,-4.39,-4.47,6.89
2.8687796592712402,2.74,-4.26,-3.86,6.36
2.894380807876587,2.57,-4.03,-2.91,5.59
2.898127794265747,2.45,-3.63,-1.99,4.81
2.9007568359375,2.37,-3.03,-1.23,4.03
2.909125804901123,2.35,-2.15,-0.79,3.28
2.9192776679992676,2.24,-1.21,-0.76,2.65
2.9289298057556152,2.21,-0.26,-0.97,2.42
2.9394049644470215,2.14,0.53,-1.32,2.56
2.94925594329834,1.99,1.09,-1.73,2.85
2.959810733795166,1.87,1.55,-2.16,3.25
2.9699349403381348,1.67,1.79,-2.5,3.49
2.996687889099121,1.5,1.98,-2.64,3.62
3.0006399154663086,1.19,2.19,-2.61,3.6
3.0032358169555664,0.81,2.21,-2.41,3.36
3.0136308670043945,0.35,1.94,-2.15,2.91
3.0194296836853027,-0.38,1.44,-1.63,2.2
3.029486656188965,-1.17,0.81,-0.87,1.66
3.0393638610839844,-1.91,0.2,0.01,1.92
3.0504658222198486,-2.69,-0.23,0.76,2.8
3.0642218589782715,-3.53,-0.48,1.44,3.84
3.070305824279785,-4.35,-0.54,2.09,4.85
3.093106746673584,-4.95,-0.72,2.43,5.56
3.0969278812408447,-6.41,-0.39,3.13,7.14
3.0996158123016357,-6.93,0.87,3.76,7.93
3.116907835006714,-7.5,1.64,4.05,8.67
3.1195240020751953,-7.9,2.32,3.78,9.05
3.1296677589416504,-7.97,2.7,3.18,8.99
3.1395418643951416,-7.85,3.04,2.37,8.74
3.149868965148926,-7.44,3.25,1.46,8.24
3.1647398471832275,-7.02,3.03,0.63,7.67
3.169947862625122,-6.62,2.7,0.07,7.14
3.1947526931762695,-6.35,2.47,-0.08,6.81
3.198481798171997,-6.13,2.41,0.2,6.58
3.2011919021606445,-6.01,2.58,0.82,6.59
3.210145950317383,-5.92,2.74,1.42,6.67
3.220132827758789,-5.96,2.38,1.42,6.57
3.2301816940307617,-6.35,1.04,0.71,6.47
3.2398786544799805,-7.01,-0.82,-0.19,7.06
3.2504429817199707,-7.94,-2.31,-0.72,8.3
3.2644877433776855,-8.73,-2.46,-0.28,9.07
3.2710509300231934,-8.93,-0.85,1.34,9.06
3.298395872116089,-8.62,1.44,3.11,9.27
3.3024959564208984,-7.65,3.38,4.24,9.37
3.3050289154052734,-6.56,4.13,4.18,8.8
3.3104519844055176,-5.76,3.8,2.95,7.5
3.3202576637268066,-4.71,3.32,1.38,5.92
3.330660820007324,-3.73,2.63,-0.41,4.58
3.3403396606445312,-2.92,1.97,-2.01,4.05
3.350465774536133,-2.24,1.47,-2.95,3.98
3.3609867095947266,-1.93,0.9,-3.11,3.76
3.3704967498779297,-2.04,0.34,-2.39,3.16
3.3979997634887695,-2.44,-0.15,-1.08,2.67
3.4009127616882324,-2.62,-0.32,0.5,2.68
3.4034738540649414,-2.6,-0.16,1.78,3.15
3.4107346534729004,-2.5,0.03,3.02,3.92
3.4207818508148193,-2.13,0.21,3.89,4.43
3.430790901184082,-1.57,0.33,4.25,4.54
3.440605878829956,-0.85,0.35,4.05,4.15
3.4507668018341064,-0.27,0.12,3.75,3.76
3.4610908031463623,0.17,-0.23,3.53,3.54
3.4708399772644043,0.67,-0.41,2.92,3.02
3.496079921722412,0.96,-0.52,2.38,2.61
3.4998648166656494,1.12,-0.7,2.15,2.52
3.502380847930908,1.22,-0.94,2.03,2.54
3.512373924255371,1.29,-1.17,2.04,2.68
3.5210766792297363,1.32,-1.43,2.17,2.91
3.5311226844787598,1.28,-1.8,2.39,3.25
3.5410146713256836,1.23,-2.18,2.7,3.68
3.551952838897705,1.19,-2.5,3.03,4.1
3.5650618076324463,1.24,-2.67,3.34,4.45
3.5720667839050293,1.39,-2.61,3.63,4.68
3.5994927883148193,1.54,-2.43,3.79,4.75
3.6031668186187744,1.71,-2.28,3.89,4.82
3.605707883834839,1.92,-2.27,3.97,4.95
3.6111948490142822,2.56,-2.42,4.37,5.61
3.621516704559326,3.37,-3.46,4.5,6.6
3.631485939025879,3.83,-5.16,4.1,7.62
3.6413769721984863,3.96,-7.27,3.68,9.05
3.6516427993774414,4.08,-8.64,3.76,10.26
3.6622138023376465,4.06,-8.71,4.21,10.49
3.6716878414154053,4.08,-7.74,4.73,9.94
3.699885845184326,4.03,-6.31,5.28,9.16
3.7035417556762695,3.72,-5.78,5.53,8.82
3.7060868740081787,3.28,-6.65,5.64,9.31
3.7115848064422607,3.0,-8.72,5.71,10.84
3.721911907196045,3.11,-10.34,5.81,12.26
3.731480836868286,3.82,-9.77,5.81,11.99
3.7418198585510254,4.04,-9.12,4.15,10.8
3.752417802810669,3.77,-7.65,2.5,8.88
3.7662978172302246,3.61,-5.32,1.33,6.56
3.7727699279785156,3.18,-3.18,0.23,4.5
3.798996925354004,2.2,-2.48,-1.28,3.55
3.80275297164917,1.38,-2.38,-3.13,4.16
3.805255889892578,0.98,-2.43,-4.2,4.95
3.811933994293213,0.7,-2.65,-3.83,4.7
3.822047710418701,0.34,-3.2,-3.26,4.58
3.832082748413086,-0.16,-3.63,-2.24,4.26
3.8421287536621094,-0.63,-3.77,-0.79,3.9
3.8521289825439453,-0.91,-3.38,0.79,3.58
3.8659238815307617,-1.21,-2.75,1.8,3.5
3.872994899749756,-1.42,-1.83,2.27,3.24
3.8996658325195312,-1.45,-0.65,2.37,2.85
3.9033799171447754,-1.39,0.39,1.94,2.41
3.9059128761291504,-1.27,1.23,1.14,2.1
3.912214756011963,-1.05,1.84,0.3,2.13
3.92271089553833,-0.81,2.22,-0.36,2.39
3.9324958324432373,-0.61,2.38,-0.9,2.61
3.942384719848633,-0.47,2.42,-1.35,2.81
3.9532418251037598,-0.4,2.45,-1.62,2.96
3.9664039611816406,-0.37,2.46,-1.64,2.97
3.973165988922119,-0.43,2.44,-1.56,2.92
4.001461982727051,-0.57,2.32,-1.38,2.75
4.005155801773071,-0.79,2.26,-1.07,2.62
4.007600784301758,-1.12,2.19,-0.75,2.57
4.012578964233398,-1.5,2.06,-0.41,2.58
4.022930860519409,-1.94,1.87,-0.09,2.69
4.030897855758667,-2.41,1.7,0.14,2.95
4.041065692901611,-2.88,1.57,0.36,3.29
4.051104784011841,-3.37,1.46,0.59,3.71
4.061372756958008,-3.86,1.46,0.7,4.18
4.0710368156433105,-4.24,1.75,0.7,4.64
4.097128868103027,-4.58,2.14,0.6,5.09
4.100169658660889,-4.92,2.44,0.42,5.5
4.102688789367676,-5.2,2.61,0.23,5.82
4.111837863922119,-5.5,2.47,0.06,6.02
4.121535778045654,-5.79,2.07,-0.09,6.14
4.131372928619385,-6.07,1.47,-0.21,6.24
4.141395807266235,-6.38,0.81,-0.21,6.43
4.151366710662842,-6.7,0.36,-0.06,6.7
4.161412715911865,-7.0,0.21,0.1,7.0
4.177168846130371,-7.44,-0.21,0.0,7.44
4.195596694946289,-8.13,-1.35,-0.38,8.25
4.198502779006958,-8.9,-2.73,-0.71,9.33
4.201577663421631,-9.37,-3.4,-0.54,9.98
4.211570739746094,-9.25,-2.5,0.0,9.58
4.221710681915283,-8.54,-0.3,0.66,8.57
4.231927871704102,-7.57,1.95,1.12,7.89
4.241853713989258,-6.55,3.55,1.29,7.56
4.25184965133667,-5.78,4.2,1.13,7.23
4.2624428272247314,-5.16,3.99,0.58,6.54
4.27629280090332,-4.45,3.2,-0.08,5.48
4.2981507778167725,-3.72,2.19,-0.8,4.39
4.301745891571045,-2.95,1.29,-1.39,3.5
4.304275989532471,-2.24,0.56,-1.75,2.89
4.312102794647217,-1.64,0.17,-1.82,2.45
4.321894884109497,-1.17,0.05,-1.58,1.96
4.3321428298950195,-0.8,0.13,-1.15,1.4
4.341990947723389,-0.52,0.31,-0.72,0.94
4.352278709411621,-0.3,0.46,-0.35,0.65
4.362100839614868,-0.08,0.64,0.01,0.64
4.376526832580566,0.17,0.83,0.2,0.87
4.398188829421997,0.37,1.01,0.41,1.15
4.401108741760254,0.59,1.02,0.52,1.28
4.403587818145752,0.75,0.82,0.73,1.32
4.4121458530426025,0.87,0.55,0.84,1.32
4.422354698181152,0.93,0.26,1.03,1.41
4.432325839996338,0.96,-0.07,1.19,1.53
4.4424309730529785,0.96,-0.46,1.29,1.67
4.452314853668213,0.95,-0.79,1.41,1.87
4.462642669677734,0.93,-1.08,1.59,2.13
4.473001003265381,0.88,-1.29,1.84,2.41
4.504504680633545,0.89,-1.37,2.12,2.67
4.507450819015503,0.95,-1.34,2.35,2.86
4.509929656982422,0.97,-1.26,2.59,3.03
4.512579917907715,1.0,-1.15,2.91,3.28
4.5293169021606445,1.12,-0.92,3.17,3.48
4.5327019691467285,1.18,-0.86,3.26,3.57
4.54263973236084,1.22,-0.72,3.35,3.63
4.552708864212036,1.41,-0.5,3.65,3.94
4.56297492980957,1.81,-0.13,4.39,4.75
4.572994709014893,2.29,-0.05,5.09,5.58
4.60983681678772,3.02,-1.27,6.06,6.88
4.613726854324341,3.01,-2.48,6.03,7.18
4.616209983825684,2.86,-3.92,5.57,7.38
4.619411945343018,2.85,-5.06,4.98,7.65
4.628302812576294,2.66,-5.89,4.0,7.6
4.638417720794678,2.51,-6.08,2.83,7.16
4.648618698120117,2.42,-5.67,1.97,6.47
4.658563852310181,1.95,-5.29,1.1,5.74
4.6685028076171875,0.92,-6.16,0.08,6.22
4.679265975952148,-0.35,-8.55,-0.34,8.56
4.702976703643799,-1.35,-11.35,0.57,11.44
4.705713748931885,-1.55,-12.41,2.46,12.74
4.708591938018799,-0.84,-10.81,4.35,11.68
4.718779802322388,0.22,-7.35,5.2,9.0
4.728493690490723,1.33,-2.94,4.83,5.8
4.7387189865112305,1.68,-0.12,3.21,3.62
4.748925685882568,1.61,0.58,1.23,2.1
4.758797883987427,1.76,0.03,-0.54,1.84
4.7686686515808105,2.3,-1.28,-1.9,3.24
4.7791337966918945,2.79,-3.27,-2.74,5.09
4.807771682739258,3.19,-4.83,-2.64,6.36
4.810419797897339,3.43,-5.28,-1.78,6.54
4.813040733337402,3.22,-4.83,-0.74,5.85
4.819108963012695,2.67,-3.57,0.17,4.46
4.829295873641968,1.97,-1.78,0.83,2.78
4.839131832122803,1.3,-0.27,1.3,1.85
4.849114894866943,0.87,0.78,1.77,2.12
4.859362840652466,0.64,1.29,2.14,2.57
4.869019985198975,0.56,1.46,2.29,2.77
4.8794708251953125,0.52,1.48,2.15,2.66
4.905503749847412,0.37,1.42,1.67,2.22
4.908046722412109,0.12,1.41,0.97,1.71
4.91058874130249,-0.24,1.53,0.18,1.55
4.91923189163208,-0.67,1.77,-0.52,1.96
4.92929482460022,-1.22,2.01,-1.12,2.6
4.939729690551758,-1.79,2.27,-1.47,3.24
4.949507713317871,-2.3,2.61,-1.54,3.8
4.959377765655518,-2.76,3.01,-1.45,4.33
4.975220680236816,-3.22,3.35,-1.17,4.79
4.979621887207031,-3.58,3.65,-0.74,5.16
5.007102966308594,-3.79,3.83,-0.46,5.4
5.010221004486084,-3.87,4.03,-0.36,5.59
5.012842655181885,-3.81,4.19,-0.73,5.71
5.0196356773376465,-3.8,4.14,-1.46,5.8
5.029796838760376,-3.79,3.9,-2.3,5.9
5.039683818817139,-3.83,3.41,-3.07,5.97
5.049989700317383,-3.79,2.96,-3.59,6.0
5.059851884841919,-3.8,2.47,-3.91,5.98
5.0696728229522705,-3.74,2.06,-3.76,5.68
5.08075475692749,-3.75,1.8,-3.39,5.36
5.1046998500823975,-3.85,1.66,-2.89,5.09
5.107083797454834,-3.99,1.66,-2.36,4.92
5.110009670257568,-4.09,1.77,-1.86,4.82
5.120003700256348,-4.1,2.15,-1.64,4.91
5.129969835281372,-4.11,2.54,-1.75,5.13
5.140096664428711,-4.3,2.46,-2.15,5.4
5.150038719177246,-4.81,1.62,-2.68,5.73
5.160408973693848,-5.59,0.25,-3.16,6.42
5.170268774032593,-6.43,-0.94,-3.52,7.39
5.184464931488037,-7.05,-1.04,-3.64,8.0
5.204195976257324,-7.1,0.44,-3.3,7.84
5.206840991973877,-6.88,2.48,-2.89,7.86
5.21026086807251,-6.58,4.27,-2.55,8.24
5.220516681671143,-6.17,5.49,-2.17,8.53
5.230273723602295,-5.97,5.38,-1.77,8.22
5.240533828735352,-5.96,4.01,-1.32,7.3
5.250375747680664,-5.74,2.34,-0.72,6.24
5.260527849197388,-5.32,0.77,-0.14,5.37
5.27112078666687,-4.73,-0.37,0.44,4.76
5.2849438190460205,-4.05,-1.03,0.97,4.29
5.307644844055176,-3.34,-1.24,1.47,3.85
5.310389995574951,-2.64,-1.08,1.87,3.41
5.312881946563721,-1.97,-0.79,2.16,3.02
5.320713996887207,-1.31,-0.48,2.35,2.73
5.330526828765869,-0.67,-0.27,2.41,2.51
5.340779781341553,-0.04,-0.19,2.4,2.4
5.350785732269287,0.53,-0.17,2.33,2.39
5.360858917236328,1.02,-0.28,2.24,2.47
5.370767831802368,1.42,-0.44,2.12,2.58
5.381037712097168,1.71,-0.61,1.96,2.67
5.4060959815979,1.9,-0.84,1.87,2.79
5.408636808395386,2.02,-1.15,1.86,2.97
5.411178827285767,2.05,-1.47,1.93,3.17
5.421199798583984,2.01,-1.8,2.06,3.39
5.431096792221069,1.94,-2.11,2.23,3.63
5.440904855728149,1.79,-2.31,2.45,3.81
5.451051712036133,1.67,-2.39,2.73,3.99
5.461227893829346,1.56,-2.37,3.09,4.19
5.471888780593872,1.52,-2.22,3.43,4.35
5.485144853591919,1.45,-2.09,3.69,4.48
5.505225658416748,1.37,-2.03,3.96,4.65
5.508213996887207,1.31,-1.94,4.2,4.8
5.511375904083252,1.21,-1.91,4.39,4.93
5.521218776702881,1.05,-1.94,4.56,5.06
5.53130578994751,0.94,-1.96,4.71,5.18
5.541494846343994,0.91,-1.97,4.82,5.28
5.551429748535156,0.87,-2.09,4.9,5.39
5.5616936683654785,0.82,-2.29,4.92,5.48
5.5714569091796875,0.78,-2.48,4.87,5.52
5.582445859909058,0.71,-2.81,4.72,5.53
5.607656002044678,0.6,-3.28,4.53,5.62
5.61047887802124,0.56,-3.72,4.34,5.74
5.612926006317139,0.61,-4.1,4.28,5.95
5.621715784072876,0.78,-4.27,4.25,6.07
5.631695747375488,0.87,-4.46,3.89,5.98
5.641968727111816,0.66,-5.15,3.11,6.05
5.651781797409058,0.23,-6.45,2.22,6.82
5.6620237827301025,-0.27,-7.98,1.61,8.14
5.67189884185791,-0.53,-9.08,1.85,9.28
5.682622909545898,-0.41,-8.78,2.61,9.16
5.711280822753906,0.12,-7.2,3.5,8.0
5.714382886886597,0.43,-5.63,3.86,6.83
5.7169036865234375,0.77,-4.0,3.39,5.29
5.722073793411255,1.02,-2.81,2.23,3.72
5.731983661651611,1.21,-2.12,0.69,2.53
5.7423248291015625,1.3,-1.97,-1.01,2.56
5.752149820327759,1.29,-2.49,-2.28,3.61
5.762300968170166,1.2,-2.89,-2.94,4.29
5.7722249031066895,1.04,-3.05,-2.88,4.32
5.782217979431152,0.84,-3.01,-2.19,3.81
5.809350967407227,0.63,-2.77,-1.22,3.09
5.8126749992370605,0.5,-2.52,-0.2,2.57
5.815155982971191,0.57,-2.23,0.68,2.4
5.822461843490601,0.8,-1.81,1.35,2.39
5.832433700561523,1.1,-1.2,1.59,2.27
5.842426776885986,1.35,-0.51,1.45,2.04
5.852382659912109,1.55,0.14,1.04,1.87
5.862457752227783,1.7,0.61,0.59,1.9
5.872921943664551,1.73,0.79,0.29,1.92
5.8831658363342285,1.67,0.8,0.17,1.85
5.910378932952881,1.54,0.87,0.22,1.78
5.913312911987305,1.25,0.81,0.28,1.51
5.915804862976074,0.82,0.59,0.43,1.09
5.92271089553833,0.3,0.46,0.59,0.8
5.93269681930542,-0.28,0.49,0.7,0.89
5.942920684814453,-0.85,0.62,0.83,1.34
5.953009843826294,-1.35,0.86,1.09,1.93
5.963038921356201,-1.88,1.14,1.24,2.52
5.972805976867676,-2.41,1.41,1.28,3.07
5.983128786087036,-2.88,1.75,1.19,3.57
6.009223937988281,-3.36,2.04,0.99,4.05
6.013114929199219,-3.78,2.4,0.72,4.53
6.015640735626221,-4.02,2.87,0.38,4.95
6.0230326652526855,-4.25,3.22,-0.08,5.33
6.033103942871094,-4.45,3.35,-0.55,5.59
6.043019771575928,-4.62,3.28,-0.92,5.74
6.053578853607178,-4.81,2.94,-1.17,5.75
6.063100814819336,-5.12,2.37,-1.37,5.8
6.073896884918213,-5.47,1.87,-1.49,5.96
6.0880327224731445,-5.74,1.67,-1.49,6.16
6.109883785247803,-5.91,1.9,-1.44,6.37
6.113593816757202,-5.99,2.5,-1.34,6.62
6.116078853607178,-6.09,3.05,-1.29,6.93
6.123212814331055,-6.44,2.86,-1.51,7.2
6.13349986076355,-7.18,1.55,-1.96,7.6
6.143417835235596,-7.81,0.49,-2.36,8.17
6.153374671936035,-7.92,0.73,-2.6,8.36
6.168311834335327,-7.51,2.08,-2.78,8.27
6.173504829406738,-6.89,3.57,-2.92,8.29
6.187824726104736,-6.26,4.5,-2.92,8.24
6.208435773849487,-5.74,4.71,-2.67,7.89
6.212198734283447,-5.38,4.29,-2.24,7.23
6.214684963226318,-5.12,3.46,-1.79,6.43
6.22353982925415,-4.81,2.44,-1.34,5.55
6.233649730682373,-4.39,1.43,-0.97,4.71
6.2438459396362305,-3.9,0.72,-0.75,4.03
6.253739833831787,-3.41,0.43,-0.69,3.5
6.263739824295044,-2.89,0.51,-0.64,3.0
6.274093866348267,-2.36,0.87,-0.58,2.58
6.2839648723602295,-1.85,1.4,-0.54,2.38
6.309751987457275,-1.36,1.85,-0.45,2.33
6.312611818313599,-0.95,2.13,-0.28,2.34
6.315104961395264,-0.56,2.19,-0.09,2.26
6.323805809020996,-0.23,2.12,0.19,2.14
6.334202766418457,0.08,1.84,0.51,1.91
6.344098806381226,0.24,1.32,0.75,1.53
6.354283809661865,0.37,0.77,1.0,1.31
6.364069938659668,0.42,0.19,1.2,1.28
6.373834848403931,0.46,-0.3,1.32,1.42
6.387924671173096,0.42,-0.84,1.3,1.6
6.408166885375977,0.4,-1.35,1.36,1.95
6.412031650543213,0.42,-1.72,1.43,2.27
6.4145379066467285,0.45,-2.09,1.47,2.59
6.424215793609619,0.48,-2.43,1.67,2.98
6.434485912322998,0.56,-2.55,1.89,3.22
6.444508790969849,0.65,-2.55,2.18,3.41
6.45432186126709,0.74,-2.51,2.55,3.65
6.464498996734619,0.9,-2.39,2.93,3.88
6.4746856689453125,1.03,-2.34,3.2,4.09
6.488194942474365,1.18,-2.38,3.44,4.34
6.511391878128052,1.34,-2.48,3.64,4.6
6.51508092880249,1.49,-2.68,3.75,4.84
6.517598867416382,1.59,-3.03,3.68,5.02
6.5243916511535645,1.59,-3.6,3.35,5.16
6.534805774688721,1.5,-4.34,2.84,5.39
6.544633865356445,1.37,-5.21,2.38,5.88
6.5547966957092285,1.29,-6.03,2.18,6.54
6.56480598449707,1.35,-6.48,2.24,6.98
6.5755088329315186,1.46,-6.62,2.38,7.18
6.588854789733887,1.49,-6.8,2.5,7.39
6.612414836883545,1.18,-7.57,2.39,8.02
6.615426778793335,0.59,-8.98,2.3,9.28
6.6179399490356445,0.07,-10.2,2.56,10.51
6.625053882598877,-0.1,-10.12,3.26,10.63
6.635022878646851,0.14,-8.34,4.15,9.31
6.645094871520996,0.42,-5.95,4.67,7.57
6.654947757720947,0.68,-3.63,4.68,5.96
6.665134906768799,0.88,-1.75,4.24,4.67
6.675370693206787,0.98,-0.53,3.43,3.6
6.685161828994751,0.9,-0.04,2.3,2.47
6.7131288051605225,0.75,-0.2,1.05,1.3
6.7168848514556885,0.64,-0.8,0.06,1.02
6.719456672668457,0.58,-1.66,-0.62,1.86
6.72538685798645,0.62,-2.44,-0.85,2.65
6.735565662384033,0.65,-3.03,-0.55,3.14
6.745504856109619,0.62,-3.26,0.12,3.32
6.755600929260254,0.51,-3.08,0.96,3.26
6.7655158042907715,0.36,-2.47,1.72,3.03
6.77536678314209,0.22,-1.61,2.29,2.8
6.790005683898926,0.16,-0.77,2.63,2.74
6.809781789779663,0.16,0.02,2.8,2.8
6.813501834869385,0.23,0.67,2.72,2.81
6.816042900085449,0.28,1.07,2.38,2.62
6.825727939605713,0.33,1.18,1.89,2.25
6.835989952087402,0.39,1.17,1.39,1.85
6.845789909362793,0.41,1.07,0.88,1.44
6.8558197021484375,0.4,0.95,0.45,1.12
6.865728855133057,0.33,0.87,0.13,0.93
6.876641750335693,0.2,0.74,-0.01,0.76
6.889898777008057,0.03,0.65,-0.01,0.65
6.913027763366699,-0.18,0.54,0.08,0.57
6.916574001312256,-0.43,0.47,0.31,0.7
6.919088840484619,-0.66,0.55,0.64,1.07
6.925997734069824,-0.87,0.71,0.93,1.45
6.935952663421631,-1.08,0.96,1.09,1.81
6.946234703063965,-1.28,1.17,1.09,2.04
6.955949783325195,-1.47,1.38,0.91,2.21
6.966094970703125,-1.68,1.55,0.61,2.36
6.97681999206543,-1.95,1.59,0.3,2.53
6.9909508228302,-2.27,1.48,-0.06,2.71
7.012165784835815,-2.63,1.26,-0.49,2.95
7.01583194732666,-2.96,0.96,-1.04,3.28
7.018305778503418,-3.33,0.56,-1.66,3.76
7.02649188041687,-3.69,0.11,-2.25,4.32
7.036430835723877,-4.07,-0.08,-2.65,4.85
7.046574831008911,-4.59,-0.13,-2.8,5.37
7.056373834609985,-5.18,0.0,-2.74,5.86
7.066518783569336,-5.89,0.2,-2.61,6.44
7.077193737030029,-6.8,-0.42,-2.58,7.28
7.086613655090332,-7.78,-1.49,-2.64,8.34
7.115473747253418,-8.64,-2.31,-2.5,9.28
7.119235992431641,-8.99,-2.17,-2.09,9.48
7.121791839599609,-8.87,-1.11,-1.62,9.08
7.126620769500732,-8.52,0.17,-1.23,8.61
7.136812686920166,-7.83,1.7,-0.84,8.05
7.146845817565918,-7.09,3.12,-0.59,7.76
7.1565327644348145,-6.43,4.11,-0.57,7.65
7.1671576499938965,-5.78,4.59,-0.7,7.41
7.176822662353516,-5.17,4.58,-0.91,6.96
7.187596797943115,-4.63,4.14,-1.11,6.3
7.216274738311768,-4.17,3.35,-1.3,5.5
7.219376802444458,-3.78,2.48,-1.31,4.7
7.221901893615723,-3.43,1.67,-1.19,3.99
7.2270348072052,-3.03,1.09,-0.97,3.36
7.236918926239014,-2.69,0.84,-0.61,2.88
7.2473649978637695,-2.4,0.82,-0.02,2.53
7.2568039894104,-2.1,0.96,0.61,2.38
7.267167806625366,-1.79,1.25,1.13,2.45
7.277370929718018,-1.47,1.63,1.45,2.63
7.287218809127808,-1.16,2.0,1.65,2.84
7.312784671783447,-0.82,2.26,1.75,2.97
7.3158228397369385,-0.51,2.32,1.73,2.93
7.318460941314697,-0.21,2.13,1.6,2.67
7.327573776245117,0.05,1.76,1.45,2.28
7.337292671203613,0.27,1.2,1.31,1.79
7.347492694854736,0.43,0.54,1.2,1.38
7.357497692108154,0.56,-0.2,1.18,1.32
7.3674328327178955,0.67,-0.98,1.18,1.67
7.377601861953735,0.65,-1.79,1.15,2.22
7.3882458209991455,0.6,-2.5,1.27,2.86
7.416845798492432,0.55,-2.88,1.53,3.3
7.420122861862183,0.52,-2.96,1.8,3.5
7.422764778137207,0.47,-3.08,2.1,3.75
7.427672863006592,0.45,-3.21,2.52,4.1
7.4378509521484375,0.54,-3.28,3.02,4.49
7.447802782058716,0.84,-3.17,3.59,4.86
7.457957744598389,1.18,-2.98,4.05,5.16
7.467845916748047,1.45,-2.82,4.38,5.4
7.4779486656188965,1.71,-2.95,4.52,5.66
7.487602710723877,1.92,-2.95,4.44,5.66
7.515227794647217,2.14,-3.06,4.09,5.53
7.5190207958221436,2.37,-3.45,3.69,5.57
7.52154278755188,2.49,-3.69,3.46,5.63
7.527978897094727,2.63,-3.89,3.36,5.77
7.538079738616943,2.77,-4.25,3.3,6.05
7.548170804977417,3.0,-4.67,3.36,6.48
7.5582146644592285,3.27,-4.86,3.53,6.83
7.568129777908325,3.47,-4.86,3.54,6.94
7.578276872634888,3.51,-5.17,3.37,7.09
7.588929653167725,3.42,-5.66,3.16,7.32
7.617312908172607,3.21,-6.46,2.83,7.74
7.620251655578613,3.03,-7.47,2.55,8.45
7.622528791427612,3.03,-8.0,2.48,8.9
7.6282958984375,3.19,-7.56,2.55,8.59
7.638244867324829,3.27,-6.16,2.55,7.42
7.64843487739563,3.19,-4.44,2.39,5.96
7.658466815948486,3.03,-2.21,2.17,4.33
7.66850471496582,2.51,-0.43,1.63,3.02
7.678319931030273,1.87,0.32,1.0,2.14
7.688473701477051,1.37,0.25,0.25,1.41
7.714254856109619,1.31,-0.23,-0.29,1.36
7.717256784439087,1.34,-1.35,-0.8,2.06
7.719757795333862,1.46,-2.65,-1.12,3.22
7.728501796722412,1.6,-3.43,-1.12,3.94
7.738631725311279,1.58,-3.68,-1.05,4.14
7.748874664306641,1.59,-3.17,-0.8,3.63
7.7587666511535645,1.57,-2.08,-0.48,2.64
7.769100666046143,1.44,-0.95,-0.11,1.72
7.7787346839904785,1.31,0.13,0.27,1.34
7.7887797355651855,1.21,1.1,0.64,1.75
7.818069934844971,1.12,1.78,0.94,2.3
7.821019649505615,1.07,2.16,1.21,2.69
7.823498725891113,1.01,2.26,1.33,2.81
7.8290088176727295,0.93,2.11,1.32,2.65
7.838995933532715,0.85,1.81,1.16,2.31
7.849282741546631,0.68,1.43,0.91,1.82
7.859073877334595,0.44,0.95,0.59,1.2
7.8692097663879395,0.11,0.46,0.22,0.52
7.879143714904785,-0.27,0.07,-0.18,0.33
7.889140844345093,-0.75,-0.2,-0.55,0.95
7.9184370040893555,-1.31,-0.25,-0.9,1.6
7.9219889640808105,-1.9,-0.22,-1.2,2.25
7.924421787261963,-2.46,-0.14,-1.5,2.88
7.9293646812438965,-3.05,0.08,-1.74,3.51
7.939255714416504,-3.73,0.31,-1.84,4.17
7.9496989250183105,-4.4,0.61,-1.81,4.79
7.9593119621276855,-5.01,1.07,-1.73,5.4
7.969784736633301,-5.57,1.5,-1.59,5.98
7.983247756958008,-5.98,2.03,-1.34,6.45
7.989524841308594,-6.31,2.42,-1.21,6.86
8.015817880630493,-6.53,2.57,-1.24,7.12
8.019010782241821,-6.68,2.41,-1.44,7.24
8.021574974060059,-6.77,2.0,-1.73,7.26
8.024422883987427,-6.81,2.0,-1.75,7.31
8.034417867660522,-6.83,1.49,-2.06,7.28
8.044273853302002,-6.84,0.93,-2.27,7.26
8.053990840911865,-6.84,0.45,-2.32,7.23
8.064584732055664,-6.83,-0.06,-2.23,7.18
8.074554920196533,-6.86,-0.86,-2.18,7.24
8.084460735321045,-7.0,-2.15,-2.31,7.67
8.11078691482544,-7.12,-3.61,-2.42,8.34
8.11398983001709,-7.04,-4.38,-2.35,8.61
8.11648678779602,-6.77,-3.99,-2.22,8.16
8.124562740325928,-6.4,-2.47,-2.0,7.14
8.134614944458008,-5.95,-0.55,-1.61,6.18
8.144823789596558,-5.49,1.21,-1.38,5.78
8.154716968536377,-4.96,2.35,-1.45,5.67
8.16474986076355,-4.45,2.4,-1.89,5.39
8.175010681152344,-3.91,1.54,-2.38,4.82
8.189359664916992,-3.37,0.57,-2.79,4.41
8.209467887878418,-3.06,-0.45,-3.11,4.38
8.212463855743408,-2.89,-1.23,-3.15,4.44
8.215200901031494,-2.83,-1.43,-2.84,4.25
8.225003719329834,-2.9,-0.93,-2.28,3.8
8.23497986793518,-3.05,0.0,-1.68,3.48
8.24495267868042,-3.18,1.09,-1.02,3.51
8.254983901977539,-3.21,2.18,-0.33,3.89
8.265236854553223,-3.16,2.89,0.45,4.3
8.275044918060303,-2.95,3.01,1.35,4.42
8.285069942474365,-2.52,2.82,2.21,4.38
8.31335973739624,-2.04,2.41,2.91,4.29
8.31675100326538,-1.57,1.96,3.48,4.29
8.319129943847656,-1.22,1.54,3.86,4.33
8.325248718261719,-0.98,1.2,4.09,4.37
8.335257768630981,-0.82,0.92,4.22,4.39
8.345393657684326,-0.71,0.51,4.21,4.29
8.355929851531982,-0.56,-0.23,4.0,4.04
8.36546277999878,-0.36,-1.15,3.7,3.89
8.375968933105469,-0.11,-2.03,3.32,3.89
8.386132717132568,0.16,-2.77,2.94,4.04
8.414087772369385,0.41,-3.47,2.55,4.32
8.417001724243164,0.69,-4.11,2.3,4.76
8.419550895690918,0.95,-4.32,2.08,4.88
8.425327777862549,1.26,-4.31,1.98,4.9
8.435597896575928,1.61,-4.22,2.09,4.97
8.44580888748169,2.06,-4.04,2.28,5.07
8.45581579208374,2.53,-3.94,2.44,5.27
8.465903759002686,3.06,-4.03,2.61,5.69
8.475813865661621,3.6,-4.38,2.69,6.27
8.485752820968628,4.15,-4.85,2.63,6.9
8.512436866760254,4.59,-5.53,2.44,7.58
8.515350818634033,5.0,-6.22,2.18,8.27
8.517900943756104,5.41,-6.53,1.93,8.69
8.526018857955933,5.76,-6.44,1.74,8.81
8.53592300415039,5.84,-6.55,1.25,8.86
8.546243667602539,5.53,-7.93,0.42,9.67
8.555935859680176,4.96,-10.19,-0.44,11.34
8.566252708435059,4.59,-11.76,-1.06,12.66
8.575993776321411,4.62,-11.38,-1.02,12.32
8.59636378288269,4.98,-5.82,-0.25,7.66
8.615006923675537,4.35,-3.06,-0.18,5.32
8.618584871292114,3.42,-1.23,-0.42,3.65
8.621184825897217,2.46,-0.54,-0.82,2.64
8.630494832992554,1.7,-0.94,-1.38,2.38
8.640568733215332,1.49,-2.02,-1.76,3.06
8.650651931762695,1.36,-3.9,-2.1,4.63
8.660446882247925,1.44,-5.73,-2.18,6.29
8.670769691467285,1.58,-6.57,-2.07,7.06
8.680732727050781,1.48,-6.39,-1.74,6.78
8.691175937652588,1.29,-5.14,-1.02,5.39
8.720706939697266,0.95,-3.36,-0.36,3.51
8.723707675933838,0.72,-1.53,0.29,1.71
8.72616982460022,0.59,0.02,0.79,0.98
8.730406761169434,0.48,1.06,1.04,1.56
8.747265815734863,0.37,1.59,1.0,1.91
8.750922679901123,0.31,1.8,0.76,1.97
8.760957717895508,0.21,1.78,0.5,1.86
8.770954847335815,0.1,1.74,0.24,1.75
8.781067848205566,-0.01,1.72,0.04,1.72
8.791106700897217,-0.21,1.49,-0.06,1.5
8.815371990203857,-0.41,1.51,-0.08,1.56
8.818368911743164,-0.64,1.66,0.03,1.77
8.820960998535156,-0.97,1.67,0.27,1.95
8.831058979034424,-1.42,1.53,0.57,2.16
8.841052770614624,-1.91,1.34,0.82,2.47
8.851081848144531,-2.37,1.16,0.92,2.79
8.861063003540039,-2.8,1.05,0.88,3.11
8.871534824371338,-3.2,1.0,0.8,3.44
8.881375789642334,-3.6,1.08,0.61,3.8
8.891546726226807,-3.96,1.3,0.33,4.18
8.918559789657593,-4.33,1.53,0.1,4.59
8.921350002288818,-4.7,1.69,-0.09,4.99
8.923818826675415,-5.12,1.84,-0.28,5.44
8.931513786315918,-5.5,1.82,-0.46,5.81
8.941438674926758,-5.9,1.62,-0.68,6.15
8.951692819595337,-6.28,1.3,-0.93,6.48
8.961414813995361,-6.63,0.91,-1.15,6.79
8.971653938293457,-6.83,0.72,-1.27,6.98
8.98154067993164,-6.98,0.72,-1.34,7.14
8.992278814315796,-7.0,0.7,-1.31,7.15
9.019292831420898,-7.18,0.08,-1.51,7.33
9.022040843963623,-7.57,-1.38,-1.91,7.92
9.024444818496704,-7.89,-2.93,-2.24,8.7
9.031919002532959,-7.92,-3.78,-2.53,9.13
9.04179573059082,-7.61,-3.65,-2.61,8.83
9.052064895629883,-7.07,-2.56,-2.3,7.86
9.061832904815674,-6.54,-1.18,-1.66,6.84
9.071977853775024,-6.01,0.04,-1.04,6.09
9.082273006439209,-5.5,1.07,-0.66,5.64
9.092024803161621,-5.0,1.68,-0.53,5.3
9.118476867675781,-4.43,1.83,-0.73,4.84
9.121271848678589,-3.77,1.73,-1.06,4.28
9.123742818832397,-3.11,1.67,-1.4,3.79
9.132107734680176,-2.52,1.62,-1.64,3.41
9.142401695251465,-1.98,1.8,-1.7,3.17
9.15234375,-1.53,2.02,-1.65,3.02
9.16255784034729,-1.22,2.15,-1.46,2.87
9.172318935394287,-0.96,2.33,-1.16,2.77
9.182856798171997,-0.69,2.65,-0.79,2.85
9.197276830673218,-0.34,3.01,-0.36,3.05
9.217272758483887,-0.05,3.1,-0.08,3.1
9.219986915588379,0.2,2.9,0.39,2.93
9.222588777542114,0.44,2.58,0.74,2.71
9.232611656188965,0.61,2.12,1.14,2.48
9.242745876312256,0.7,1.52,1.55,2.28
9.252684831619263,0.72,0.86,1.96,2.25
9.262635707855225,0.74,0.24,2.27,2.39
9.272603988647461,0.76,-0.35,2.47,2.6
9.282841682434082,0.75,-1.01,2.61,2.89
9.292747974395752,0.69,-1.7,2.66,3.23
9.323742866516113,0.61,-2.28,2.65,3.54
9.326400756835938,0.51,-2.7,2.58,3.76
9.32905387878418,0.39,-3.01,2.44,3.89
9.333012819290161,0.24,-3.18,2.38,3.97
9.342777729034424,0.08,-3.12,2.41,3.94
9.35300874710083,-0.02,-2.9,2.53,3.84
9.363097667694092,-0.06,-2.62,2.71,3.76
9.372878789901733,-0.02,-2.39,3.02,3.85
9.383291721343994,0.06,-2.21,3.4,4.05
9.3937087059021,0.15,-2.16,3.81,4.38
9.421571731567383,0.29,-2.25,4.22,4.79
9.424166679382324,0.41,-2.47,4.58,5.21
9.426682949066162,0.56,-2.95,4.93,5.77
9.433109760284424,0.84,-3.54,5.28,6.41
9.44324278831482,1.27,-4.32,5.63,7.2
9.453232765197754,1.75,-5.33,5.98,8.19
9.463053703308105,2.21,-6.37,6.17,9.13
9.473206996917725,2.72,-7.14,6.28,9.89
9.483314990997314,3.25,-7.22,6.31,10.12
9.497758865356445,3.61,-6.78,6.12,9.82
9.516892910003662,3.69,-6.35,5.71,9.3
9.519584655761719,3.25,-7.07,4.73,9.1
9.523186683654785,2.67,-8.59,3.64,9.7
9.533576965332031,2.32,-9.1,2.63,9.75
9.543277740478516,1.92,-8.8,1.7,9.16
9.553873777389526,1.56,-7.82,1.13,8.05
9.563538789749146,1.34,-5.89,0.87,6.1
9.573527812957764,1.07,-3.28,0.56,3.49
9.58371376991272,0.59,-1.05,0.03,1.2
9.597893714904785,0.18,0.56,-0.7,0.91
9.619444847106934,-0.06,1.38,-1.26,1.86
9.622177839279175,-0.2,1.34,-1.77,2.22
9.624525785446167,-0.36,0.36,-2.17,2.22
9.634063720703125,-0.38,-0.7,-2.16,2.3
9.643680810928345,-0.34,-1.38,-1.88,2.35
9.653824806213379,-0.4,-1.49,-1.41,2.09
9.664039850234985,-0.51,-1.07,-0.8,1.43
9.673774719238281,-0.56,-0.32,-0.24,0.68
9.68413496017456,-0.52,0.45,0.06,0.69
9.694586753845215,-0.41,1.05,0.14,1.13
9.721933841705322,-0.31,1.51,0.12,1.54
9.724523782730103,-0.27,1.96,0.06,1.97
9.727094650268555,-0.29,2.29,-0.08,2.3
9.734102725982666,-0.33,2.44,-0.33,2.48
9.744083881378174,-0.4,2.5,-0.72,2.63
9.754220962524414,-0.49,2.58,-1.12,2.85
9.764528751373291,-0.64,2.6,-1.39,3.01
9.774243831634521,-0.85,2.54,-1.47,3.05
9.784534931182861,-1.13,2.53,-1.41,3.1
9.798783779144287,-1.47,2.6,-1.37,3.28
9.818428993225098,-1.84,2.63,-1.35,3.48
9.821165800094604,-2.18,2.65,-1.33,3.68
9.82416582107544,-2.52,2.69,-1.21,3.87
9.834669828414917,-2.87,2.64,-1.1,4.05
9.844406843185425,-3.21,2.45,-1.04,4.16
9.854406833648682,-3.53,2.26,-1.05,4.32
9.864798784255981,-3.81,2.19,-1.11,4.53
9.874528884887695,-4.02,2.24,-1.14,4.74
9.885571956634521,-4.21,2.31,-1.18,4.94
9.898723840713501,-4.44,2.35,-1.21,5.16
9.920613765716553,-4.73,2.18,-1.26,5.35
9.923321723937988,-5.12,1.78,-1.31,5.57
9.925989866256714,-5.55,1.14,-1.37,5.82
9.935097694396973,-5.97,0.44,-1.43,6.15
9.944707870483398,-6.33,-0.29,-1.4,6.48
9.954852819442749,-6.67,-0.94,-1.48,6.89
9.964881896972656,-7.29,-2.13,-1.9,7.82
9.974973678588867,-7.99,-3.71,-2.38,9.12
9.985004901885986,-8.35,-4.66,-2.64,9.92
9.995841979980469,-7.8,-3.72,-2.4,8.96
10.024003982543945,-6.69,-1.34,-2.03,7.11
10.026794910430908,-5.62,0.91,-1.73,5.95
10.029372692108154,-4.78,2.54,-1.55,5.63
10.035067796707153,-4.13,3.49,-1.41,5.58
10.04542875289917,-3.61,3.87,-1.24,5.43
10.055328845977783,-3.25,3.38,-1.05,4.8
10.065224885940552,-3.01,2.04,-0.86,3.73
10.075448989868164,-2.76,0.36,-0.53,2.83
10.08530569076538,-2.43,-1.39,-0.04,2.79
10.096116781234741,-2.03,-2.87,0.47,3.54
10.124279975891113,-1.54,-3.77,0.95,4.18
10.127072811126709,-1.01,-4.01,1.26,4.32
10.129564762115479,-0.42,-3.6,1.4,3.88
10.135571956634521,0.11,-2.75,1.41,3.09
10.145273685455322,0.43,-1.8,1.24,2.22
10.155518770217896,0.64,-0.84,1.1,1.52
10.165544986724854,1.35,-0.15,1.36,1.92
10.175946712493896,1.65,0.11,1.4,2.16
10.185596942901611,1.8,0.46,1.41,2.33
10.195781707763672,1.98,0.79,1.45,2.57
10.222181797027588,2.18,0.89,1.55,2.81
10.224748849868774,2.39,0.79,1.81,3.1
10.227339744567871,2.61,0.59,2.07,3.38
10.235808849334717,2.89,0.33,2.35,3.73
10.24585771560669,3.16,-0.01,2.56,4.06
10.255730867385864,3.41,-0.49,2.72,4.38
10.265876770019531,3.73,-1.1,2.88,4.83
10.276354789733887,4.19,-1.89,3.1,5.54
10.285920858383179,4.75,-2.75,3.33,6.41
10.299925804138184,5.29,-3.36,3.46,7.15
10.320231914520264,5.72,-3.54,3.37,7.52
10.32304573059082,5.93,-3.39,3.01,7.46
10.325716972351074,5.99,-3.23,2.44,7.22
10.336258888244629,5.95,-3.31,1.78,7.03
10.346129894256592,5.82,-3.53,1.08,6.89
10.356226921081543,5.67,-3.74,0.48,6.8
10.366212844848633,5.48,-3.86,-0.13,6.7
10.376752853393555,5.23,-3.78,-0.57,6.47
10.38621997833252,4.86,-3.69,-0.86,6.16
10.396247863769531,4.3,-3.72,-1.06,5.78
10.42307996749878,3.68,-3.61,-0.9,5.23
10.42575478553772,3.19,-3.15,-0.51,4.51
10.42827582359314,2.97,-2.47,0.03,3.86
10.436404705047607,3.07,-1.65,0.76,3.56
10.446469783782959,3.34,-1.1,1.31,3.75
10.456575870513916,3.65,-1.12,1.48,4.09
10.466553688049316,3.82,-1.59,1.15,4.29
10.476683855056763,3.75,-2.55,0.35,4.54
10.491833686828613,3.53,-4.19,-0.47,5.49
10.496692657470703,3.25,-5.98,-0.99,6.87
10.527361869812012,2.98,-7.22,-0.92,7.86
10.531047821044922,2.55,-7.19,-0.93,7.68
10.533459663391113,1.93,-6.97,-0.65,7.26
10.536897659301758,0.9,-7.81,-0.22,7.86
10.546714782714844,-0.13,-9.49,0.13,9.49
10.556692838668823,-0.79,-9.96,0.77,10.02
10.566893815994263,-1.21,-9.04,1.13,9.19
10.576886653900146,-1.89,-8.02,0.73,8.27
10.587094783782959,-2.92,-7.13,-0.04,7.7
10.59717082977295,-4.19,-6.03,-1.0,7.41
10.623258829116821,-5.47,-4.65,-1.82,7.4
10.625900745391846,-6.6,-2.94,-2.23,7.56
10.628361701965332,-7.38,-1.11,-2.31,7.81
10.637163877487183,-7.74,0.87,-1.89,8.01
10.647080898284912,-7.72,2.91,-1.02,8.31
10.656868934631348,-7.44,4.68,0.12,8.79
10.667401790618896,-7.18,5.96,0.5,9.34
10.677324771881104,-6.57,6.94,0.62,9.57
10.687330722808838,-5.57,7.34,0.68,9.23
10.702707767486572,-4.7,7.15,0.29,8.56
10.721588850021362,-3.86,6.47,0.01,7.53
10.724262714385986,-3.15,5.39,-0.22,6.24
10.727314949035645,-2.54,4.12,-0.28,4.84
10.737536907196045,-1.92,2.95,-0.27,3.53
10.747477769851685,-1.34,2.06,-0.31,2.47
10.75749397277832,-0.83,1.55,-0.48,1.82
10.767486810684204,-0.34,1.69,-0.49,1.79
10.77772569656372,-0.07,2.08,-0.64,2.17
10.78758192062378,0.03,2.34,-0.71,2.44
10.802757740020752,-0.01,2.53,-0.61,2.6
10.822246789932251,-0.15,2.62,-0.35,2.64
10.824866771697998,-0.39,2.49,0.08,2.52
10.827545881271362,-0.65,2.19,0.55,2.34
10.837896823883057,-1.01,1.8,0.99,2.28
10.847896814346313,-1.48,1.37,1.38,2.44
10.857799768447876,-1.99,1.08,1.71,2.83
10.867855787277222,-2.56,1.04,1.86,3.33
10.878108978271484,-3.17,1.24,1.87,3.88
10.887908935546875,-3.78,1.56,1.77,4.45
10.898895740509033,-4.4,1.75,1.6,4.99
10.927735805511475,-5.01,1.9,1.3,5.51
10.9304678440094,-5.63,1.88,0.96,6.01
10.933018684387207,-6.19,1.63,0.67,6.43
10.938113689422607,-6.62,1.34,0.52,6.77
10.948103904724121,-6.9,1.11,0.6,7.01
10.958326816558838,-6.97,1.03,0.91,7.1
10.968232870101929,-6.93,0.94,1.22,7.09
10.9784517288208,-7.07,0.12,1.25,7.18
10.988184928894043,-7.18,-1.18,1.19,7.37
11.00310468673706,-7.01,-2.1,1.02,7.38
11.022840976715088,-6.54,-2.35,0.75,6.98
11.026476860046387,-5.83,-1.95,0.47,6.16
11.028968811035156,-5.04,-1.19,0.21,5.18
11.038375854492188,-4.32,-0.5,-0.04,4.34
11.048553943634033,-3.8,-0.21,-0.33,3.82
11.0587158203125,-3.54,-0.46,-0.65,3.62
11.068612813949585,-3.42,-1.22,-0.96,3.75
11.078587770462036,-3.37,-2.27,-1.13,4.21
11.0886549949646,-3.29,-3.45,-1.12,4.89
11.103400707244873,-3.09,-4.57,-0.86,5.58
11.123130798339844,-2.69,-5.39,-0.32,6.03
11.126903772354126,-2.02,-5.64,0.53,6.01
11.129409790039062,-1.18,-5.22,1.39,5.52
11.138770818710327,-0.31,-4.33,2.03,4.79
11.149155855178833,0.51,-3.18,2.37,3.99
11.15889286994934,1.23,-2.19,2.36,3.44
11.168793678283691,1.93,-1.54,2.2,3.3
11.17906665802002,2.57,-1.19,1.9,3.41
11.188875675201416,3.16,-1.03,1.53,3.65
11.203816890716553,3.7,-1.0,1.2,4.01
11.22345495223999,4.17,-0.93,0.85,4.35
11.226635932922363,4.55,-0.86,0.46,4.65
11.229144811630249,4.75,-0.75,0.08,4.8
11.23894476890564,4.76,-0.66,-0.15,4.8
11.24910593032837,4.72,-0.52,-0.19,4.75
11.259458780288696,4.69,-0.36,-0.11,4.7
11.269170761108398,4.66,-0.25,0.01,4.66
11.279510974884033,4.67,-0.19,0.23,4.67
11.289156913757324,4.69,-0.27,0.51,4.72
11.299920797348022,4.73,-0.48,0.89,4.83
11.330572843551636,4.79,-0.86,1.31,5.03
11.334245681762695,4.86,-1.35,1.69,5.31
11.336597919464111,4.86,-1.89,2.04,5.59
11.339946746826172,4.87,-2.31,2.37,5.88
11.349502801895142,4.85,-2.63,2.66,6.12
11.359932899475098,4.82,-2.87,2.79,6.26
11.369577884674072,4.77,-3.1,2.7,6.29
11.379490852355957,4.68,-3.49,2.46,6.33
11.389649868011475,4.58,-4.12,2.12,6.51
11.4003267288208,4.5,-4.82,1.72,6.81
11.429563999176025,4.39,-5.4,1.29,7.07
11.432581901550293,4.29,-5.67,0.91,7.16
11.435126781463623,4.11,-5.47,0.49,6.85
11.439655780792236,3.66,-5.47,-0.13,6.58
11.449879884719849,2.93,-6.54,-0.77,7.2
11.460110664367676,2.01,-8.68,-1.26,8.99
11.46996784210205,0.99,-10.75,-1.42,10.88
11.480037689208984,0.13,-11.74,-1.02,11.78
11.489717960357666,-0.27,-10.73,-0.03,10.73
11.500043869018555,-0.38,-8.09,1.05,8.16
11.526996850967407,-0.62,-5.21,1.8,5.54
11.530052661895752,-0.84,-2.74,2.04,3.51
11.532559871673584,-1.1,-1.07,1.64,2.24
11.540109872817993,-1.64,-0.32,0.71,1.81
11.550396919250488,-1.98,0.11,-0.34,2.01
11.560397863388062,-2.17,0.36,-1.19,2.5
11.570115804672241,-2.21,0.54,-1.64,2.8
11.580324649810791,-2.11,0.69,-1.73,2.81
11.58996868133545,-2.0,0.73,-1.45,2.57
11.604310989379883,-1.84,0.67,-0.97,2.18
11.623902797698975,-1.59,0.69,-0.45,1.79
11.627019882202148,-1.27,0.79,0.08,1.49
11.629910945892334,-0.98,0.88,0.6,1.44
11.640309810638428,-0.7,1.09,1.0,1.63
11.650470733642578,-0.44,1.41,1.22,1.91
11.660395860671997,-0.24,1.63,1.39,2.15
11.670494794845581,-0.13,1.69,1.47,2.24
11.680576801300049,0.01,1.87,1.4,2.33
11.690591812133789,0.13,1.95,1.31,2.35
11.700679779052734,0.18,1.82,1.13,2.14
11.730205774307251,0.21,1.69,0.91,1.93
11.73314380645752,0.19,1.56,0.72,1.72
11.735626697540283,0.1,1.4,0.6,1.52
11.74066972732544,-0.09,1.33,0.59,1.45
11.750725746154785,-0.4,1.4,0.65,1.59
11.760807991027832,-0.82,1.69,0.7,2.0
11.771117687225342,-1.33,2.09,0.77,2.59
11.780970811843872,-1.91,2.41,0.87,3.19
11.79087495803833,-2.56,2.58,0.91,3.74
11.801163673400879,-3.2,2.73,0.85,4.29
11.827203750610352,-3.84,2.88,0.64,4.84
11.830822944641113,-4.4,2.93,0.38,5.29
11.833332777023315,-4.88,2.96,0.11,5.7
11.841071844100952,-5.33,2.94,-0.23,6.09
11.850986003875732,-5.71,2.93,-0.51,6.43
11.860920906066895,-6.05,2.93,-0.69,6.75
11.87124490737915,-6.28,2.9,-0.74,6.95
11.881234884262085,-6.41,2.83,-0.68,7.03
11.891244888305664,-6.48,2.62,-0.49,7.0
11.905699729919434,-6.43,2.3,-0.24,6.83
11.925468921661377,-6.36,1.91,-0.04,6.64
11.928675651550293,-6.46,1.0,-0.05,6.53
11.930818796157837,-6.86,-0.74,-0.51,6.91
11.941507816314697,-7.66,-3.2,-1.38,8.41
11.951519966125488,-8.38,-5.47,-2.16,10.23
11.961382865905762,-8.74,-6.75,-2.73,11.37
11.971393823623657,-8.51,-6.52,-2.73,11.06
11.98157286643982,-7.63,-4.71,-2.0,9.18
11.99167776107788,-6.52,-2.38,-1.06,7.02
12.001727819442749,-5.47,-0.29,-0.34,5.48
12.031941890716553,-4.6,1.18,-0.01,4.74
12.035509824752808,-3.89,1.75,-0.21,4.27
12.038002967834473,-3.63,1.64,-0.22,3.98
12.041483879089355,-2.83,1.42,-0.63,3.22
12.047508716583252,-2.16,0.63,-1.05,2.48
12.057408809661865,-1.52,-0.25,-1.6,2.22
12.067644834518433,-0.87,-0.9,-1.9,2.27
12.07752275466919,-0.33,-1.26,-1.9,2.3
12.087628841400146,0.14,-1.3,-1.57,2.04
12.097775936126709,0.53,-1.08,-1.1,1.63
12.121350765228271,0.83,-0.69,-0.5,1.18
12.124115943908691,1.06,-0.25,0.14,1.09
12.127757787704468,1.31,0.38,0.73,1.54
12.137913703918457,1.49,0.96,1.19,2.13
12.147872924804688,1.58,1.31,1.61,2.6
12.157898902893066,1.67,1.42,2.05,3.0
12.168094873428345,1.8,1.3,2.41,3.27
12.177980899810791,1.93,1.0,2.6,3.38
12.188023805618286,2.01,0.47,2.76,3.44
12.201933860778809,2.06,-0.21,2.91,3.57
12.222506999969482,2.08,-0.87,3.02,3.76
12.225597858428955,2.04,-1.51,3.02,3.94
12.228103876113892,1.99,-2.03,3.0,4.13
12.238170862197876,1.95,-2.38,3.01,4.3
12.248215675354004,1.89,-2.61,2.99,4.39
12.258310794830322,1.84,-2.65,3.03,4.42
12.26834774017334,1.76,-2.62,3.09,4.41
12.278398990631104,1.69,-2.56,3.21,4.44
12.288558959960938,1.65,-2.43,3.38,4.47
12.302666664123535,1.61,-2.33,3.57,4.55
12.32557988166809,1.56,-2.4,3.8,4.75
12.329233884811401,1.53,-2.61,4.03,5.03
12.331673860549927,1.5,-2.85,4.17,5.26
12.338428974151611,1.47,-3.1,4.23,5.44
12.348466873168945,1.44,-3.27,4.18,5.49
12.358512878417969,1.38,-3.33,4.02,5.39
12.368466854095459,1.33,-3.35,3.79,5.23
12.379212856292725,1.28,-3.46,3.53,5.1
12.393556833267212,1.3,-3.58,3.23,4.99
12.398853778839111,1.41,-3.59,2.9,4.82
12.428489685058594,1.48,-3.83,2.51,4.81
12.432126998901367,1.36,-4.68,1.96,5.25
12.434723854064941,1.05,-6.19,1.42,6.43
12.438762664794922,0.79,-7.62,1.19,7.75
12.448834896087646,0.65,-8.36,1.27,8.48
12.459220886230469,0.82,-8.0,1.7,8.21
12.46889066696167,1.11,-6.49,2.24,6.95
12.478864669799805,1.24,-4.65,2.5,5.42
12.488948822021484,1.27,-3.08,2.41,4.11
12.499616861343384,1.14,-1.9,1.9,2.91
12.52666687965393,0.91,-1.19,1.1,1.85
12.530370712280273,0.56,-0.92,0.16,1.08
12.532869815826416,0.27,-0.97,-0.63,1.18
12.539098739624023,0.04,-1.24,-1.25,1.76
12.549248695373535,-0.06,-1.6,-1.46,2.16
12.559124946594238,0.04,-1.6,-1.22,2.01
12.569223880767822,0.2,-1.22,-0.76,1.45
12.579251766204834,0.37,-0.63,-0.33,0.8
12.59439992904663,0.77,0.62,0.28,1.02
12.603437900543213,0.93,1.14,0.3,1.5
12.631657838821411,1.09,1.47,0.25,1.84
12.634938716888428,1.21,1.56,0.21,1.98
12.6373929977417,1.27,1.6,0.07,2.04
12.64370584487915,1.3,1.68,-0.12,2.12
12.653740882873535,1.15,1.67,-0.32,2.05
12.663750886917114,0.97,1.63,-0.48,1.95
12.67354679107666,0.73,1.57,-0.66,1.85
12.683709859848022,0.44,1.6,-0.79,1.83
12.693821907043457,0.06,1.65,-0.84,1.85
12.70371675491333,-0.44,1.66,-0.84,1.91
12.729755878448486,-0.94,1.78,-0.79,2.16
12.732765674591064,-1.43,1.95,-0.71,2.52
12.735286712646484,-1.9,2.05,-0.64,2.86
12.74418592453003,-2.3,2.11,-0.59,3.17
12.754084825515747,-2.63,2.15,-0.63,3.45
12.764265775680542,-2.89,2.13,-0.67,3.65
12.774334907531738,-3.11,2.11,-0.88,3.85
12.784255981445312,-3.28,2.07,-1.28,4.08
12.794107913970947,-3.46,1.96,-1.61,4.29
12.80974292755127,-3.69,1.88,-1.91,4.56
12.828726768493652,-3.98,1.72,-2.06,4.8
12.832615852355957,-4.33,1.48,-2.06,5.01
12.835025787353516,-4.67,1.25,-2.03,5.24
12.844372749328613,-4.98,1.16,-1.9,5.45
12.854724884033203,-5.23,1.2,-1.84,5.67
12.864410877227783,-5.61,0.88,-2.0,6.02
12.874460697174072,-6.27,-0.22,-2.39,6.71
12.884580850601196,-7.04,-1.47,-2.82,7.72
12.89905595779419,-7.54,-1.92,-3.05,8.35
12.90463399887085,-7.44,-1.0,-2.88,8.04
12.933988809585571,-6.79,0.85,-2.39,7.24
12.937027931213379,-6.0,2.59,-1.66,6.74
12.939555883407593,-5.25,3.72,-0.87,6.49
12.944299697875977,-4.59,4.25,-0.25,6.26
12.95492696762085,-4.03,4.07,0.08,5.72
12.964887857437134,-3.56,3.1,0.09,4.72
12.974867820739746,-3.17,1.78,-0.13,3.63
12.984750747680664,-2.87,0.42,-0.55,2.95
12.994970798492432,-2.62,-0.68,-0.94,2.86
13.004905700683594,-2.39,-1.45,-1.16,3.02
13.03042984008789,-2.23,-1.83,-1.15,3.1
13.034260749816895,-2.0,-1.73,-0.81,2.76
13.03673267364502,-1.71,-1.23,-0.42,2.14
13.045082807540894,-1.48,-0.65,0.18,1.62
13.055180788040161,-1.23,-0.11,0.75,1.44
13.065244674682617,-0.94,0.28,1.23,1.57
13.075356006622314,-0.65,0.5,1.64,1.83
13.085194826126099,-0.32,0.51,1.97,2.05
13.095873832702637,-0.06,0.33,2.24,2.26
13.110101699829102,0.16,0.22,2.45,2.46
13.12979793548584,0.38,0.18,2.47,2.5
13.133204936981201,0.6,0.19,2.36,2.44
13.135722875595093,0.79,0.23,2.14,2.29
13.145530700683594,0.97,0.19,1.84,2.08
13.155600786209106,1.14,0.12,1.63,1.99
13.165478706359863,1.3,0.05,1.53,2.0
13.175351858139038,1.44,-0.01,1.55,2.11
13.185561656951904,1.56,-0.07,1.65,2.27
13.196117877960205,1.65,-0.2,1.83,2.47
13.211359977722168,1.72,-0.41,2.04,2.69
13.230466842651367,1.79,-0.67,2.31,2.99
13.2341947555542,1.86,-0.9,2.6,3.32
13.236684799194336,1.93,-1.06,2.82,3.57
13.245911836624146,1.96,-1.22,3.0,3.78
13.255550861358643,1.89,-1.57,3.08,3.93
13.26582384109497,1.77,-2.15,3.12,4.18
13.275693893432617,1.59,-2.95,3.1,4.56
13.285847663879395,1.44,-3.88,3.0,5.11
13.295816898345947,1.32,-4.79,2.92,5.76
13.30588674545288,1.27,-5.58,2.94,6.43
13.337270736694336,1.33,-6.13,3.09,6.99
13.34086275100708,1.52,-6.19,3.23,7.14
13.343377828598022,1.82,-5.68,3.35,6.84
13.347297668457031,2.17,-4.84,3.32,6.25
13.355944871902466,2.29,-4.3,2.83,5.63
13.366189002990723,2.09,-4.73,2.01,5.54
13.37607192993164,1.75,-5.53,1.04,5.89
13.386484861373901,1.54,-5.87,0.04,6.06
13.396852970123291,1.3,-5.95,-0.72,6.13
13.406482696533203,1.08,-5.7,-0.92,5.87
13.435649871826172,1.07,-4.8,-0.67,4.96
13.438791751861572,1.15,-3.53,-0.2,3.71
13.441263675689697,1.23,-2.34,0.29,2.65
13.446175813674927,1.24,-1.65,0.66,2.16
13.4563627243042,1.08,-1.53,0.62,1.97
13.466523885726929,0.78,-1.88,0.29,2.05
13.476472854614258,0.39,-2.31,-0.11,2.34
13.486568927764893,-0.06,-2.56,-0.48,2.6
13.496522903442383,-0.48,-2.6,-0.73,2.74
13.506590843200684,-0.79,-2.5,-0.9,2.77
13.533392906188965,-0.86,-2.15,-1.04,2.53
13.536390781402588,-0.64,-1.55,-1.14,2.02
13.538947820663452,-0.24,-0.94,-1.15,1.5
13.546875,0.22,-0.46,-1.04,1.15
13.55664587020874,0.65,-0.08,-0.81,1.04
13.567118883132935,1.02,0.21,-0.48,1.14
13.576717853546143,1.3,0.37,-0.07,1.35
13.5867178440094,1.48,0.35,0.38,1.56
13.596810817718506,1.57,0.17,0.87,1.8
13.606876850128174,1.63,0.02,1.14,1.98
13.63210391998291,1.63,0.05,1.32,2.09
13.635135650634766,1.64,0.11,1.33,2.11
13.637678861618042,1.55,0.17,1.15,1.93
13.647299766540527,1.41,0.32,0.85,1.67
13.657060861587524,1.24,0.52,0.38,1.39
13.667187690734863,1.2,0.73,-0.07,1.4
13.67711067199707,1.16,0.9,-0.51,1.55
13.687817811965942,1.06,0.92,-0.86,1.64
13.697322845458984,0.95,0.98,-1.06,1.72
13.711374759674072,0.77,1.24,-1.33,1.97
13.731311798095703,0.57,1.5,-1.55,2.23
13.734325885772705,0.25,1.61,-1.6,2.28
13.737205982208252,-0.23,1.84,-1.5,2.38
13.74745488166809,-0.81,2.01,-1.16,2.45
13.75727367401123,-1.49,2.02,-0.54,2.56
13.767518997192383,-2.2,1.93,-0.02,2.92
13.777454853057861,-2.86,1.79,0.26,3.38
13.787640810012817,-3.53,1.47,0.25,3.83
13.797577857971191,-4.24,0.98,-0.07,4.35
13.808291912078857,-4.94,0.46,-0.65,5.0
13.839432716369629,-5.61,0.16,-1.39,5.78
13.84261178970337,-6.08,0.35,-2.3,6.5
13.845106840133667,-6.37,0.78,-3.23,7.18
13.84870195388794,-6.65,0.61,-4.04,7.8
13.85732889175415,-7.12,-0.41,-4.88,8.64
13.868133783340454,-7.52,-1.57,-5.69,9.55
13.877848863601685,-7.67,-2.23,-6.33,10.19
13.887784004211426,-7.08,-1.71,-5.7,9.24
13.897969722747803,-6.22,-0.4,-4.53,7.7
13.907949924468994,-5.23,1.14,-2.8,6.04
13.932554721832275,-4.39,2.2,-0.99,5.0
13.93553876876831,-3.67,2.8,0.46,4.63
13.938169956207275,-3.16,2.77,1.22,4.37
13.948452949523926,-2.72,2.24,1.39,3.78
13.958054780960083,-2.33,1.51,1.05,2.96
13.968188762664795,-2.01,0.95,0.56,2.29
13.978328704833984,-1.75,0.43,0.0,1.8
13.988217830657959,-1.56,0.02,-0.28,1.58
13.99816083908081,-1.43,-0.07,-0.23,1.45
14.00820779800415,-1.33,0.13,0.1,1.34
14.035339832305908,-1.28,0.41,0.62,1.48
14.0380117893219,-1.17,0.71,1.23,1.84
14.040448665618896,-0.99,1.07,1.75,2.27
14.048536777496338,-0.77,1.39,2.09,2.62
14.058480739593506,-0.57,1.49,2.3,2.79
14.068457841873169,-0.35,1.43,2.45,2.85
14.078569889068604,-0.12,1.4,2.45,2.82
14.088624000549316,0.05,1.34,2.28,2.64
14.098472833633423,0.19,1.19,2.03,2.36
14.113305807113647,0.27,0.95,1.8,2.05
14.132428884506226,0.33,0.7,1.61,1.78
14.135177850723267,0.39,0.48,1.49,1.61
14.138707876205444,0.44,0.17,1.46,1.53
14.148709774017334,0.51,-0.05,1.56,1.64
14.158960819244385,0.57,-0.19,1.54,1.65
14.168847799301147,0.59,-0.43,1.59,1.74
14.178561687469482,0.59,-0.67,1.69,1.91
14.188905715942383,0.61,-0.94,1.82,2.13
14.199461936950684,0.66,-1.21,2.0,2.42
14.2130868434906,0.7,-1.39,2.14,2.64
14.235058784484863,0.77,-1.47,2.22,2.77
14.23786973953247,0.76,-1.43,2.23,2.75
14.240370750427246,0.69,-1.35,2.24,2.7
14.24904489517212,0.64,-1.19,2.3,2.66
14.259270668029785,0.66,-1.03,2.35,2.64
14.269100666046143,0.71,-0.99,2.38,2.67
14.279071807861328,0.77,-1.17,2.38,2.76
14.28925371170044,0.86,-1.4,2.39,2.9
14.299219846725464,0.98,-1.61,2.29,2.96
14.309778690338135,1.08,-1.79,2.14,2.99
14.338482856750488,1.19,-1.79,1.93,2.88
14.340805768966675,1.27,-1.64,1.62,2.63
14.343331813812256,1.18,-1.56,1.16,2.27
14.34944772720337,0.87,-1.76,0.64,2.06
14.359349727630615,0.23,-2.66,0.1,2.67
14.369740962982178,-0.7,-4.39,-0.42,4.46
14.379483699798584,-1.67,-6.37,-0.78,6.63
14.389549732208252,-2.65,-8.04,-0.82,8.5
14.399710655212402,-3.08,-8.43,-0.1,8.97
14.414288997650146,-2.74,-6.85,0.9,7.43
14.434561729431152,-2.0,-4.48,1.59,5.15
14.43721866607666,-1.2,-2.4,1.77,3.21
14.43974494934082,-0.42,-0.47,1.45,1.58
14.449759006500244,0.28,0.96,0.8,1.28
14.459760665893555,0.72,1.57,-0.16,1.73
14.46974778175354,0.97,1.53,-1.11,2.12
14.47989273071289,1.13,1.23,-1.89,2.52
14.48987865447998,1.29,0.88,-2.32,2.79
14.49981164932251,1.44,0.5,-2.41,2.85
14.510819911956787,1.64,0.06,-2.23,2.76
14.538702964782715,1.92,-0.35,-1.87,2.7
14.541282653808594,2.23,-0.64,-1.29,2.65
14.543826818466187,2.5,-0.87,-0.48,2.69
14.549660682678223,2.72,-1.03,0.39,2.93
14.560118675231934,2.89,-1.06,1.19,3.3
14.570292949676514,2.99,-1.01,1.71,3.58
14.58009672164917,3.03,-0.94,1.95,3.72
14.590171813964844,3.06,-0.75,1.95,3.7
14.600215911865234,3.04,-0.37,1.6,3.45
14.610241889953613,2.99,0.04,1.02,3.15
14.637334823608398,2.9,0.38,0.42,2.95
14.639977931976318,2.78,0.67,-0.09,2.86
14.642424821853638,2.67,0.83,-0.42,2.82
14.650458812713623,2.54,0.86,-0.57,2.74
14.660212993621826,2.37,0.77,-0.57,2.55
14.670440673828125,2.2,0.64,-0.46,2.33
14.680339813232422,2.02,0.57,-0.27,2.11
14.690661907196045,1.82,0.64,-0.08,1.93
14.70042896270752,1.59,0.77,0.15,1.77
14.711148738861084,1.38,0.99,0.3,1.72
14.734431743621826,1.18,1.3,0.35,1.79
14.737084865570068,0.96,1.64,0.33,1.92
14.740721702575684,0.7,1.94,0.29,2.08
14.75087285041809,0.38,2.1,0.24,2.14
14.760708808898926,0.03,2.08,0.25,2.09
14.770941734313965,-0.35,1.88,0.29,1.93
14.780825853347778,-0.74,1.44,0.39,1.66
14.791448831558228,-1.14,0.87,0.52,1.52
14.80593490600586,-1.53,0.28,0.62,1.67
14.811572790145874,-1.91,-0.35,0.68,2.05
14.838010787963867,-2.34,-1.14,0.56,2.66
14.841018676757812,-2.87,-2.47,0.19,3.79
14.843516826629639,-3.58,-4.6,-0.44,5.84
14.851196765899658,-4.42,-7.17,-1.17,8.5
14.861117839813232,-5.29,-9.47,-1.92,11.01
14.871072769165039,-5.61,-9.84,-2.33,11.56
14.881319999694824,-5.22,-7.44,-2.28,9.37
14.891212940216064,-4.57,-3.71,-1.76,6.14
14.901416778564453,-4.14,-0.16,-1.01,4.26
14.915125846862793,-3.76,2.65,-0.31,4.61
14.935653686523438,-3.42,4.54,0.22,5.68
14.93838381767273,-3.16,5.55,0.53,6.4
14.941350936889648,-2.89,5.79,0.5,6.49
14.951415777206421,-2.64,5.25,0.18,5.87
14.961341857910156,-2.36,4.23,-0.35,4.85
14.971333980560303,-2.1,3.05,-1.04,3.84
14.981681823730469,-1.73,2.15,-1.56,3.17
14.991472721099854,-1.34,1.42,-1.87,2.7
15.002253770828247,-0.96,1.02,-1.98,2.42
15.015716791152954,-0.64,1.04,-1.87,2.23
15.037981986999512,-0.38,1.33,-1.58,2.09
15.040674686431885,-0.17,1.81,-1.25,2.2
15.04315996170044,0.05,2.26,-0.95,2.45
15.051848888397217,0.24,2.59,-0.68,2.68
15.061856746673584,0.41,2.74,-0.43,2.8
15.07172966003418,0.57,2.72,-0.18,2.78
15.081756830215454,0.65,2.49,0.11,2.57
15.092074871063232,0.69,2.16,0.38,2.29
15.101894855499268,0.71,1.86,0.6,2.07
15.112303733825684,0.74,1.52,0.76,1.85
15.141465663909912,0.79,1.08,0.82,1.56
15.144039869308472,0.81,0.59,0.82,1.29
15.146313667297363,0.79,0.19,0.86,1.18
15.152025699615479,0.72,-0.11,0.92,1.17
15.161977767944336,0.6,-0.28,1.04,1.23
15.17244291305542,0.48,-0.26,1.17,1.29
15.18226671218872,0.31,-0.17,1.27,1.31
15.192019939422607,0.16,-0.18,1.35,1.37
15.20231294631958,0.04,-0.29,1.43,1.45
15.216267824172974,-0.02,-0.42,1.48,1.53
15.236324787139893,-0.07,-0.47,1.39,1.46
15.239036798477173,-0.16,-0.54,1.22,1.34
15.242320775985718,-0.29,-0.71,0.95,1.22
15.252395868301392,-0.45,-0.97,0.64,1.24
15.26257586479187,-0.58,-1.26,0.33,1.42
15.27199387550354,-0.58,-1.41,0.08,1.52
15.282702922821045,-0.4,-1.31,-0.03,1.37
15.292490005493164,-0.2,-1.35,-0.12,1.37
15.303180694580078,-0.32,-2.35,-0.42,2.4
15.31726884841919,-0.75,-4.22,-0.75,4.35
15.337670803070068,-1.15,-5.98,-0.81,6.14
15.340290784835815,-1.32,-7.03,-0.46,7.16
15.34407377243042,-1.08,-6.62,0.2,6.71
15.352669715881348,-0.68,-4.83,0.95,4.96
15.362859725952148,-0.4,-2.68,1.42,3.05
15.372687816619873,-0.25,-0.79,1.58,1.78
15.383132934570312,-0.23,0.66,1.4,1.56
15.392822742462158,-0.37,1.36,0.96,1.7
15.403052806854248,-0.57,1.47,0.35,1.61
15.41764783859253,-0.69,1.28,-0.31,1.48
15.436644792556763,-0.73,0.89,-0.81,1.4
15.439345836639404,-0.68,0.4,-1.09,1.34
15.442911863327026,-0.47,0.01,-1.27,1.35
15.452995777130127,-0.15,-0.27,-1.3,1.33
15.46309781074524,0.26,-0.41,-1.14,1.23
15.473289966583252,0.68,-0.31,-0.8,1.09
15.483045816421509,1.08,-0.06,-0.34,1.13
15.493375778198242,1.4,0.27,0.21,1.44
15.502991676330566,1.66,0.63,0.71,1.91
15.517502784729004,1.87,0.92,1.12,2.36
15.536827802658081,2.01,1.04,1.43,2.67
15.539508819580078,2.13,1.14,1.59,2.89
15.5433349609375,2.27,1.2,1.61,3.03
15.55346965789795,2.38,1.23,1.49,3.06
15.563308715820312,2.45,1.29,1.31,3.06
15.573335886001587,2.49,1.29,1.14,3.02
15.583404779434204,2.51,1.2,0.98,2.94
15.593166828155518,2.51,1.05,0.81,2.83
15.604180812835693,2.46,0.86,0.59,2.67
15.617351770401001,2.38,0.68,0.41,2.5
15.640909671783447,2.24,0.51,0.25,2.31
15.643610954284668,2.07,0.38,0.09,2.1
15.64608883857727,1.9,0.37,-0.08,1.93
15.65360975265503,1.74,0.5,-0.27,1.83
15.663607835769653,1.57,0.68,-0.41,1.75
15.673815727233887,1.36,0.86,-0.53,1.69
15.683790683746338,1.17,1.0,-0.65,1.67
15.69368577003479,0.96,1.05,-0.77,1.61
15.703832864761353,0.72,0.95,-0.87,1.47
15.714144706726074,0.43,0.67,-1.02,1.29
15.739763736724854,0.1,0.16,-1.18,1.19
15.742377758026123,-0.31,-0.54,-1.28,1.42
15.744959831237793,-0.74,-1.27,-1.31,1.96
15.753959655761719,-1.19,-1.9,-1.24,2.56
15.764020919799805,-1.55,-2.24,-1.08,2.93
15.77422285079956,-1.83,-2.25,-0.83,3.01
15.784225940704346,-2.08,-2.05,-0.51,2.96
15.79419469833374,-2.35,-1.96,-0.42,3.08
15.804932832717896,-2.89,-2.59,-0.75,3.95
15.818182945251465,-3.61,-3.83,-1.31,5.42
15.840429782867432,-4.2,-4.76,-1.92,6.63
15.844239711761475,-4.43,-4.68,-2.48,6.9
15.846751689910889,-4.33,-3.75,-2.92,6.42
15.854277849197388,-4.11,-2.23,-3.14,5.63
15.864436864852905,-3.82,-0.42,-3.09,4.93
15.874626874923706,-3.55,1.27,-2.87,4.73
15.884517669677734,-3.28,2.49,-2.59,4.86
15.894644737243652,-2.99,3.14,-2.32,4.91
15.904437780380249,-2.73,3.07,-2.06,4.59
15.915481805801392,-2.46,2.52,-1.8,3.95
15.943212985992432,-2.17,1.92,-1.46,3.24
15.94692087173462,-1.91,1.43,-1.12,2.63
15.949440002441406,-1.68,0.85,-0.77,2.03
15.954527854919434,-1.47,0.46,-0.46,1.6
15.964816808700562,-1.26,0.34,-0.12,1.31
15.975010871887207,-1.03,0.51,0.22,1.17
15.984688758850098,-0.79,0.89,0.52,1.29
15.995052814483643,-0.55,1.33,0.75,1.62
16.00473380088806,-0.29,1.68,0.91,1.93
16.020025730133057,-0.03,1.92,0.99,2.16
16.03872299194336,0.19,1.98,1.06,2.25
16.041719913482666,0.25,1.91,1.14,2.23
16.04422879219055,0.4,1.78,1.19,2.17
16.05081081390381,0.5,1.55,1.25,2.05
16.061051845550537,0.57,1.29,1.31,1.92
16.07082176208496,0.6,1.08,1.37,1.84
16.08089280128479,0.59,0.88,1.42,1.77
16.090657711029053,0.59,0.76,1.51,1.79
16.10110569000244,0.59,0.75,1.63,1.88
16.11538791656494,0.55,0.73,1.77,1.99
16.135161876678467,0.51,0.64,1.92,2.08
16.137852668762207,0.47,0.54,2.06,2.18
16.141122817993164,0.42,0.43,2.18,2.26
16.151063919067383,0.38,0.26,2.27,2.31
16.16135287284851,0.32,0.09,2.31,2.33
16.171125888824463,0.27,-0.09,2.35,2.36
16.180916786193848,0.27,-0.24,2.32,2.34
16.191582679748535,0.28,-0.32,2.25,2.28
16.201653957366943,0.36,-0.32,2.25,2.3
16.215994834899902,0.58,-0.34,2.39,2.48
16.236798763275146,0.92,-0.5,2.71,2.9
16.239410877227783,1.2,-0.83,3.06,3.39
16.24187684059143,1.36,-1.35,3.25,3.77
16.25157380104065,1.53,-1.75,3.27,4.01
16.261441707611084,1.71,-1.98,3.08,4.04
16.27160882949829,1.85,-2.2,2.67,3.92
16.281506776809692,1.9,-2.29,2.13,3.65
16.291740894317627,1.85,-2.11,1.58,3.22
16.30158281326294,1.73,-1.64,1.14,2.64
16.31232786178589,1.64,-1.11,0.81,2.13
16.33846879005432,1.57,-0.9,0.54,1.88
16.341036796569824,1.39,-1.4,0.16,1.97
16.34346580505371,0.84,-3.42,-0.35,3.53
16.351736783981323,-0.01,-6.22,-0.78,6.26
16.361809730529785,-0.88,-8.46,-0.91,8.55
16.3717999458313,-1.58,-9.43,-0.7,9.58
16.381982803344727,-1.81,-8.33,0.0,8.52
16.3918776512146,-1.54,-5.75,0.91,6.02
16.402519702911377,-1.23,-3.01,1.5,3.58
16.416562795639038,-0.96,-0.67,1.59,1.97
16.437955856323242,-0.77,0.86,1.25,1.7
16.440587997436523,-0.68,1.69,0.58,1.91
16.442797660827637,-0.68,1.92,-0.26,2.05
16.452101707458496,-0.66,1.81,-1.03,2.18
16.46221399307251,-0.58,1.63,-1.67,2.4
16.472010850906372,-0.43,1.3,-2.06,2.47
16.482409954071045,-0.21,0.93,-2.3,2.48
16.492278814315796,0.07,0.69,-2.23,2.33
16.502177715301514,0.36,0.66,-1.92,2.06
16.51314878463745,0.67,0.84,-1.4,1.76
16.54164481163025,0.88,1.1,-0.76,1.6
16.544288873672485,0.98,1.33,-0.12,1.65
16.546794891357422,1.04,1.51,0.46,1.89
16.55243682861328,1.1,1.65,0.83,2.14
16.562667846679688,1.18,1.8,0.91,2.33
16.572353839874268,1.17,1.85,0.75,2.31
16.583735942840576,1.11,1.84,0.43,2.19
16.593003749847412,0.97,1.8,0.02,2.04
16.603033781051636,0.76,1.7,-0.45,1.91
16.61323595046997,0.53,1.61,-0.91,1.92
16.63920497894287,0.31,1.57,-1.33,2.08
16.641795873641968,0.07,1.51,-1.68,2.25
16.644307851791382,-0.17,1.49,-1.91,2.42
16.653162002563477,-0.4,1.55,-2.01,2.56
16.66348886489868,-0.6,1.72,-1.99,2.69
16.67326068878174,-0.77,1.97,-1.8,2.77
16.68335485458374,-0.89,2.22,-1.57,2.86
16.693574905395508,-0.97,2.42,-1.3,2.91
16.703125,-0.98,2.57,-0.98,2.91
16.717440843582153,-0.99,2.63,-0.67,2.88
16.73769783973694,-1.05,2.46,-0.43,2.7
16.740325927734375,-1.14,2.01,-0.28,2.32
16.74343967437744,-1.26,1.43,-0.19,1.91
16.753580808639526,-1.39,0.88,-0.23,1.66
16.763558864593506,-1.56,0.3,-0.33,1.62
16.773706912994385,-1.69,-0.15,-0.46,1.75
16.783782958984375,-1.79,-0.35,-0.64,1.93
16.793700695037842,-1.87,-0.42,-0.78,2.06
16.804393768310547,-1.95,-0.36,-0.88,2.16
16.817574977874756,-2.03,-0.25,-1.04,2.29
16.839311838150024,-2.29,-0.57,-1.39,2.73
16.842421770095825,-2.93,-1.95,-1.93,4.01
16.844950675964355,-3.77,-4.0,-2.42,6.0
16.853481769561768,-4.67,-5.76,-2.89,7.95
16.86397075653076,-5.26,-6.39,-3.02,8.81
16.873924732208252,-5.2,-5.08,-2.77,7.77
16.884260654449463,-4.65,-2.63,-2.14,5.75
16.893954753875732,-3.99,-0.36,-1.39,4.24
16.904026985168457,-3.22,1.78,-0.66,3.73
16.914325714111328,-2.4,3.4,-0.02,4.16
16.940314769744873,-1.76,4.04,0.34,4.41
16.943033695220947,-1.2,3.71,0.5,3.93
16.94550371170044,-0.67,2.91,0.51,3.02
16.954160690307617,-0.16,2.18,0.37,2.21
16.96432399749756,0.24,1.13,0.2,1.17
16.974357843399048,0.57,0.07,0.1,0.58
16.984567880630493,0.76,-0.78,0.08,1.09
16.99455976486206,0.84,-1.37,0.11,1.61
17.00424885749817,0.8,-1.71,0.22,1.9
17.015288829803467,0.71,-1.8,0.45,1.98
17.04289484024048,0.62,-1.61,0.76,1.88
17.045544862747192,0.49,-1.11,1.12,1.65
17.04806685447693,0.42,-0.52,1.41,1.56
17.05416774749756,0.42,-0.03,1.68,1.73
17.064794778823853,0.45,0.37,1.89,1.97
17.074718952178955,0.44,0.63,2.06,2.19
17.084712982177734,0.43,0.76,2.2,2.36
17.094846725463867,0.4,0.81,2.27,2.44
17.10460090637207,0.35,0.78,2.29,2.44
17.11464500427246,0.34,0.68,2.29,2.41
17.14556074142456,0.33,0.52,2.26,2.34
17.149096965789795,0.37,0.35,2.26,2.31
17.15133285522461,0.44,0.15,2.26,2.3
17.154894828796387,0.54,-0.04,2.27,2.33
17.16497778892517,0.66,-0.18,2.29,2.39
17.175001859664917,0.77,-0.3,2.35,2.49
17.18498182296753,0.86,-0.4,2.45,2.62
17.195279836654663,0.94,-0.49,2.57,2.78
17.205615997314453,1.01,-0.64,2.65,2.9
17.218812942504883,1.09,-0.79,2.69,3.0
17.242010831832886,1.15,-0.89,2.67,3.04
17.24512481689453,1.19,-1.01,2.59,3.02
17.247682809829712,1.2,-1.05,2.49,2.95
17.255127906799316,1.22,-0.98,2.4,2.86
17.26528286933899,1.24,-0.97,2.29,2.77
17.275554656982422,1.22,-1.1,2.17,2.72
17.28538990020752,1.17,-1.35,2.01,2.68
17.295416831970215,1.12,-1.71,1.9,2.79
17.3055477142334,1.06,-2.09,1.81,2.96
17.31608486175537,1.02,-2.44,1.72,3.15
17.34299087524414,1.04,-2.52,1.63,3.17
17.34599280357361,1.12,-2.23,1.48,2.9
17.348561763763428,1.17,-1.84,1.26,2.51
17.355365753173828,1.04,-1.82,0.85,2.26
17.36555290222168,0.62,-2.73,0.28,2.81
17.37559700012207,0.02,-4.4,-0.28,4.4
17.3857638835907,-0.55,-5.97,-0.62,6.02
17.39606475830078,-0.88,-6.74,-0.53,6.81
17.40559983253479,-0.84,-6.15,0.03,6.2
17.415831804275513,-0.57,-4.2,0.63,4.28
17.44291377067566,-0.32,-2.0,0.99,2.25
17.445928812026978,-0.14,-0.11,1.03,1.04
17.448437690734863,-0.1,1.29,0.72,1.48
17.45579767227173,-0.16,1.88,0.18,1.89
17.465942859649658,-0.37,1.76,-0.54,1.87
17.47608184814453,-0.58,1.23,-1.16,1.78
17.485934734344482,-0.74,0.52,-1.61,1.84
17.496257781982422,-0.84,-0.19,-1.89,2.07
17.505935668945312,-0.87,-0.76,-1.97,2.28
17.516743659973145,-0.8,-1.02,-1.83,2.24
17.547419786453247,-0.57,-0.84,-1.49,1.8
17.550394773483276,-0.29,-0.32,-0.99,1.08
17.552990913391113,-0.03,0.27,-0.42,0.5
17.55638074874878,0.24,0.8,0.13,0.84
17.566277980804443,0.51,1.13,0.54,1.35
17.57616686820984,0.77,1.34,0.79,1.73
17.586273670196533,0.99,1.49,0.88,1.99
17.596343994140625,1.19,1.52,0.82,2.09
17.606538772583008,1.34,1.53,0.66,2.13
17.616336822509766,1.43,1.54,0.42,2.14
17.642391681671143,1.45,1.45,0.19,2.05
17.645407676696777,1.4,1.31,-0.02,1.91
17.647939682006836,1.29,1.21,-0.23,1.78
17.656516790390015,1.11,1.14,-0.43,1.64
17.666675806045532,0.87,1.13,-0.56,1.53
17.676578998565674,0.61,1.19,-0.66,1.49
17.68676996231079,0.3,1.29,-0.72,1.5
17.69662570953369,-0.04,1.4,-0.72,1.57
17.707199811935425,-0.4,1.48,-0.71,1.68
17.72068500518799,-0.79,1.56,-0.74,1.89
17.740521907806396,-1.13,1.73,-0.77,2.2
17.74357271194458,-1.42,1.93,-0.83,2.53
17.746851921081543,-1.68,2.08,-0.89,2.81
17.756900787353516,-1.92,2.22,-1.01,3.1
17.767143726348877,-2.07,2.25,-1.08,3.24
17.776984691619873,-2.21,2.12,-1.16,3.27
17.786848783493042,-2.33,1.86,-1.25,3.23
17.797159671783447,-2.44,1.41,-1.3,3.1
17.80777382850647,-2.54,0.86,-1.32,2.98
17.82086682319641,-2.61,0.3,-1.29,2.92
17.843464851379395,-2.65,-0.14,-1.23,2.92
17.846423864364624,-2.67,-0.37,-1.2,2.95
17.848935842514038,-2.77,-0.67,-1.34,3.14
17.857306003570557,-3.12,-1.62,-1.78,3.94
17.86738681793213,-3.64,-3.17,-2.21,5.3
17.87752389907837,-4.02,-4.41,-2.31,6.39
17.887234687805176,-3.98,-4.49,-2.26,6.41
17.897326946258545,-3.59,-3.23,-2.04,5.24
17.911956787109375,-3.13,-1.44,-1.7,3.84
17.917548656463623,-2.73,0.06,-1.35,3.04
17.942985773086548,-2.34,1.4,-1.03,2.91
17.946610927581787,-1.92,2.42,-0.75,3.17
17.949018955230713,-1.52,2.73,-0.54,3.17
17.95756196975708,-1.14,2.27,-0.47,2.58
17.967694759368896,-0.79,1.39,-0.47,1.66
17.977696895599365,-0.47,0.69,-0.6,1.02
17.987582683563232,-0.2,-0.11,-0.78,0.81
17.99786376953125,-0.01,-0.71,-0.9,1.14
18.011798858642578,0.07,-1.06,-1.01,1.46
18.017777919769287,0.02,-1.22,-1.01,1.58
18.047252655029297,-0.08,-1.16,-0.82,1.42
18.050262928009033,-0.16,-0.98,-0.52,1.12
18.052798748016357,-0.19,-0.76,-0.17,0.8
18.057880878448486,-0.12,-0.47,0.19,0.52
18.06808567047119,0.06,-0.09,0.4,0.41
18.078139781951904,0.23,0.16,0.61,0.67
18.087941884994507,0.42,0.31,0.89,1.03
18.097989797592163,0.62,0.51,1.19,1.43
18.108274936676025,0.75,0.55,1.44,1.71
18.118183851242065,0.86,0.43,1.65,1.9
18.143600940704346,0.98,0.33,1.77,2.04
18.146575927734375,1.07,0.13,1.89,2.17
18.149099826812744,1.14,-0.07,1.95,2.25
18.15832281112671,1.23,-0.27,1.96,2.32
18.168437004089355,1.35,-0.43,1.91,2.37
18.178340911865234,1.47,-0.59,1.9,2.47
18.188517808914185,1.58,-0.74,1.89,2.57
18.19843292236328,1.66,-0.84,1.93,2.68
18.208353996276855,1.69,-0.92,1.98,2.76
18.219098806381226,1.71,-1.01,2.02,2.83
18.24766969680786,1.68,-1.13,2.08,2.9
18.25069284439087,1.62,-1.27,2.17,2.99
18.25322985649109,1.48,-1.35,2.33,3.07
18.261554718017578,1.23,-1.33,2.59,3.16
18.26866388320923,0.92,-1.16,2.79,3.15
18.278653860092163,0.57,-1.11,2.88,3.13
18.288845777511597,0.25,-0.99,2.76,2.94
18.29868483543396,0.01,-0.79,2.35,2.47
18.308748722076416,-0.15,-0.68,1.75,1.88
18.318752765655518,-0.16,-0.75,0.97,1.23
18.347376823425293,-0.02,-1.07,0.22,1.09
18.350307941436768,0.19,-1.39,-0.5,1.48
18.352863788604736,0.46,-1.94,-1.07,2.26
18.35850191116333,0.73,-2.64,-1.57,3.15
18.369099855422974,0.87,-3.8,-2.03,4.39
18.379087924957275,0.79,-5.64,-2.42,6.18
18.38891077041626,0.71,-7.53,-2.39,7.93
18.39917778968811,0.78,-8.61,-1.95,8.86
18.409058809280396,0.9,-8.54,-1.17,8.66
18.41919994354248,0.97,-7.42,-0.03,7.48
18.446247816085815,0.97,-5.23,0.99,5.41
18.448858737945557,0.97,-2.68,1.65,3.29
18.451197862625122,0.75,-0.35,1.84,2.01
18.45922088623047,0.33,1.16,1.72,2.1
18.46930480003357,-0.24,1.84,1.13,2.17
18.47962474822998,-0.75,2.1,0.13,2.23
18.48922872543335,-1.26,1.98,-1.1,2.59
18.503312826156616,-1.64,1.39,-2.18,3.06
18.51012682914734,-1.87,0.35,-2.86,3.43
18.524462699890137,-1.92,-0.72,-3.21,3.8
18.543630838394165,-1.77,-1.34,-3.22,3.91
18.546604871749878,-1.66,-1.65,-3.05,3.84
18.54948091506958,-1.59,-1.49,-2.73,3.49
18.559666872024536,-1.66,-0.8,-2.35,2.98
18.56969976425171,-1.88,0.19,-1.91,2.68
18.5796058177948,-2.11,0.88,-1.36,2.66
18.58985185623169,-2.44,1.24,-0.84,2.86
18.599697828292847,-2.84,1.19,-0.52,3.12
18.60967779159546,-3.27,0.87,-0.4,3.4
18.620341777801514,-3.63,0.48,-0.52,3.69
18.64950180053711,-4.08,-0.01,-0.91,4.18
18.653077840805054,-4.53,-0.38,-1.24,4.71
18.655675888061523,-4.96,-0.5,-1.4,5.17
18.659881830215454,-5.37,-0.55,-1.33,5.55
18.67014789581299,-5.62,-0.51,-1.07,5.74
18.67998480796814,-5.72,-0.53,-0.74,5.79
18.689823865890503,-5.72,-0.92,-0.6,5.82
18.700023651123047,-5.54,-1.46,-0.48,5.74
18.71039080619812,-5.1,-1.76,-0.42,5.41
18.72583293914795,-4.69,-2.01,-0.45,5.12
18.74483871459961,-4.33,-2.06,-0.48,4.81
18.74853777885437,-4.02,-2.12,-0.49,4.57
18.75104284286499,-3.63,-2.33,-0.67,4.36
18.76027488708496,-3.14,-2.55,-1.05,4.17
18.7702898979187,-2.66,-2.65,-1.53,4.05
18.7805438041687,-2.13,-2.62,-2.09,3.97
18.79047966003418,-1.67,-2.63,-2.76,4.16
18.80032181739807,-1.27,-2.48,-3.32,4.33
18.81059980392456,-1.02,-2.19,-3.77,4.47
18.82021474838257,-0.83,-1.79,-3.98,4.44
18.846292972564697,-0.78,-1.63,-3.9,4.29
18.850056886672974,-0.72,-1.69,-3.94,4.34
18.852585792541504,-0.67,-1.84,-4.2,4.63
18.860736846923828,-0.52,-1.94,-4.6,5.01
18.870595932006836,-0.31,-1.95,-4.89,5.27
18.88058567047119,-0.1,-1.81,-5.01,5.32
18.89088487625122,0.09,-1.72,-4.91,5.2
18.900800704956055,0.15,-1.71,-4.64,4.94
18.911552906036377,0.14,-1.72,-4.14,4.48
18.925861835479736,0.04,-1.77,-3.58,3.99
18.945196866989136,-0.11,-1.82,-3.09,3.58
18.948988914489746,-0.3,-1.86,-2.67,3.26
18.951414823532104,-0.4,-1.86,-2.36,3.03
18.96075987815857,-0.33,-1.83,-2.27,2.93
18.97094488143921,-0.17,-1.79,-2.45,3.03
18.981276988983154,-0.15,-1.7,-2.39,2.93
18.990900993347168,-0.52,-1.41,-2.39,2.82
19.0012469291687,-0.63,-1.03,-2.58,2.84
19.01176691055298,-0.72,-0.88,-2.21,2.48
19.021146774291992,-0.81,-0.92,-2.27,2.57
19.05084466934204,-0.49,-0.56,-2.23,2.35
19.053756713867188,-0.37,-0.58,-1.85,1.97
19.05626392364502,-0.13,-0.81,-1.29,1.52
19.06128478050232,0.13,-1.02,-0.51,1.14
19.071162700653076,0.25,-1.26,-0.11,1.28
19.081442832946777,0.29,-1.39,0.02,1.42
19.091065883636475,0.29,-1.25,-0.1,1.28
19.101205825805664,0.17,-0.85,-0.34,0.93
19.111517906188965,0.03,-0.26,-0.63,0.68
19.121888875961304,-0.16,0.28,-0.61,0.69
19.153663873672485,-0.29,0.54,-0.66,0.9
19.156596660614014,-0.21,0.37,-1.12,1.19
19.1590838432312,0.11,0.05,-1.38,1.38
19.161579847335815,0.35,-0.38,-1.39,1.48
19.17899179458618,0.52,-0.7,-1.27,1.54
19.18153190612793,0.64,-0.97,-1.08,1.58
19.191630840301514,0.62,-1.14,-0.71,1.47
19.201788902282715,0.46,-1.1,-0.36,1.24
19.211999893188477,0.24,-1.01,-0.29,1.07
19.221606731414795,0.04,-0.83,-0.33,0.89
19.251163959503174,-0.1,-0.72,-0.45,0.85
19.254262924194336,-0.23,-0.69,-0.51,0.88
19.25672483444214,-0.33,-0.68,-0.5,0.9
19.261759757995605,-0.37,-0.77,-0.52,1.0
19.271707773208618,-0.42,-0.81,-0.35,0.97
19.282055854797363,-0.36,-0.82,-0.72,1.14
19.29212999343872,-0.53,-0.78,-0.61,1.12
19.301875829696655,-0.72,-0.54,-0.01,0.9
19.312169790267944,-0.79,-0.16,-0.03,0.8
19.321934700012207,-0.81,-0.22,0.19,0.86
19.349342823028564,-0.53,-0.29,0.29,0.67
19.35240888595581,-0.39,-0.14,0.14,0.43
19.354995727539062,-0.37,-0.13,0.15,0.41
19.362197875976562,-0.3,-0.25,0.25,0.46
19.37227487564087,-0.17,-0.23,0.05,0.29
