time,gFx,gFy,gFz,TgF
0.005000,0.6243,0.7514,-0.3434,1.036
0.006000,0.6255,0.7497,-0.3381,1.033
0.006000,0.6262,0.7475,-0.3334,1.031
0.007000,0.6260,0.7455,-0.3288,1.028
0.007000,0.6238,0.7431,-0.3251,1.023
0.007000,0.6204,0.7414,-0.3217,1.019
0.007000,0.6167,0.7406,-0.3185,1.015
0.008000,0.6130,0.7392,-0.3158,1.011
0.008000,0.6096,0.7367,-0.3126,1.006
0.008000,0.6072,0.7353,-0.3087,1.002
0.008000,0.6052,0.7355,-0.3055,1.000
0.008000,0.6030,0.7362,-0.3048,0.999
0.014000,0.6011,0.7360,-0.3051,0.998
0.015000,0.6006,0.7355,-0.3043,0.997
0.015000,0.6011,0.7360,-0.3024,0.997
0.015000,0.6011,0.7365,-0.3019,0.997
0.027000,0.6001,0.7365,-0.3033,0.997
0.027000,0.5979,0.7367,-0.3055,0.997
0.028000,0.5945,0.7367,-0.3077,0.995
0.028000,0.5896,0.7362,-0.3109,0.993
0.028000,0.5849,0.7370,-0.3134,0.992
0.028000,0.5818,0.7384,-0.3139,0.991
0.031000,0.5793,0.7394,-0.3126,0.990
0.031000,0.5769,0.7406,-0.3102,0.989
0.034000,0.5744,0.7426,-0.3075,0.988
0.035000,0.5734,0.7450,-0.3051,0.988
0.038000,0.5734,0.7475,-0.3033,0.990
0.039000,0.5737,0.7497,-0.3004,0.991
0.042000,0.5730,0.7516,-0.2967,0.991
0.042000,0.5717,0.7536,-0.2948,0.991
0.046000,0.5712,0.7553,-0.2945,0.992
0.047000,0.5720,0.7568,-0.2950,0.993
0.050000,0.5737,0.7573,-0.2955,0.995
0.051000,0.5759,0.7573,-0.2963,0.996
0.054000,0.5788,0.7568,-0.2985,0.998
0.055000,0.5813,0.7560,-0.3007,1.000
0.058000,0.5835,0.7548,-0.3021,1.001
0.058000,0.5859,0.7529,-0.3041,1.001
0.062000,0.5888,0.7507,-0.3068,1.002
0.062000,0.5918,0.7480,-0.3085,1.002
0.068000,0.5937,0.7460,-0.3095,1.002
0.068000,0.5947,0.7443,-0.3112,1.002
0.071000,0.5957,0.7431,-0.3143,1.003
0.071000,0.5972,0.7428,-0.3180,1.005
0.075000,0.5986,0.7438,-0.3207,1.007
0.075000,0.6006,0.7450,-0.3214,1.010
0.079000,0.6008,0.7448,-0.3222,1.010
0.079000,0.5996,0.7441,-0.3239,1.009
0.082000,0.5991,0.7448,-0.3251,1.010
0.082000,0.5998,0.7468,-0.3263,1.012
0.087000,0.6011,0.7490,-0.3273,1.015
0.087000,0.6018,0.7502,-0.3280,1.016
0.092000,0.6018,0.7504,-0.3290,1.017
0.092000,0.6003,0.7507,-0.3305,1.016
0.096000,0.5981,0.7512,-0.3319,1.016
0.096000,0.5959,0.7524,-0.3341,1.016
0.098000,0.5947,0.7536,-0.3381,1.018
0.098000,0.5947,0.7543,-0.3420,1.020
0.104000,0.5947,0.7543,-0.3439,1.020
0.104000,0.5942,0.7538,-0.3439,1.020
0.107000,0.5930,0.7538,-0.3434,1.019
0.108000,0.5908,0.7534,-0.3442,1.017
0.111000,0.5886,0.7534,-0.3451,1.016
0.112000,0.5884,0.7546,-0.3459,1.017
0.115000,0.5888,0.7570,-0.3466,1.020
0.115000,0.5901,0.7585,-0.3469,1.022
0.119000,0.5923,0.7585,-0.3454,1.022
0.120000,0.5942,0.7573,-0.3432,1.022
0.122000,0.5947,0.7558,-0.3429,1.021
0.123000,0.5940,0.7551,-0.3442,1.020
0.128000,0.5935,0.7560,-0.3447,1.021
0.128000,0.5945,0.7578,-0.3439,1.023
0.131000,0.5957,0.7585,-0.3425,1.023
0.131000,0.5964,0.7575,-0.3412,1.023
0.135000,0.5969,0.7560,-0.3400,1.022
0.136000,0.5974,0.7556,-0.3381,1.021
0.138000,0.5974,0.7548,-0.3351,1.019
0.139000,0.5959,0.7531,-0.3329,1.016
0.143000,0.5937,0.7519,-0.3322,1.014
0.144000,0.5923,0.7519,-0.3322,1.013
0.147000,0.5910,0.7521,-0.3315,1.012
0.148000,0.5901,0.7521,-0.3290,1.011
0.152000,0.5903,0.7514,-0.3258,1.010
0.152000,0.5903,0.7504,-0.3231,1.008
0.155000,0.5898,0.7502,-0.3219,1.007
0.155000,0.5893,0.7509,-0.3207,1.007
0.159000,0.5886,0.7524,-0.3195,1.007
0.159000,0.5869,0.7526,-0.3183,1.006
0.163000,0.5844,0.7521,-0.3175,1.004
0.163000,0.5827,0.7519,-0.3170,1.003
0.166000,0.5815,0.7519,-0.3168,1.002
0.166000,0.5810,0.7519,-0.3163,1.001
0.175000,0.5800,0.7519,-0.3161,1.001
0.175000,0.5791,0.7514,-0.3161,1.000
0.176000,0.5788,0.7504,-0.3173,0.999
0.176000,0.5800,0.7499,-0.3200,1.001
0.179000,0.5808,0.7504,-0.3219,1.002
0.179000,0.5815,0.7512,-0.3222,1.003
0.182000,0.5822,0.7514,-0.3227,1.004
0.184000,0.5827,0.7516,-0.3246,1.005
0.192000,0.5822,0.7519,-0.3266,1.005
0.193000,0.5815,0.7519,-0.3275,1.005
0.193000,0.5815,0.7521,-0.3278,1.006
0.193000,0.5810,0.7531,-0.3280,1.006
0.196000,0.5810,0.7541,-0.3283,1.007
0.197000,0.5825,0.7546,-0.3280,1.008
0.199000,0.5840,0.7548,-0.3271,1.009
0.200000,0.5857,0.7548,-0.3258,1.009
0.203000,0.5866,0.7551,-0.3246,1.010
0.204000,0.5876,0.7556,-0.3253,1.011
0.209000,0.5881,0.7556,-0.3271,1.012
0.210000,0.5886,0.7556,-0.3288,1.013
0.212000,0.5893,0.7558,-0.3300,1.014
0.212000,0.5893,0.7563,-0.3305,1.014
0.215000,0.5888,0.7565,-0.3310,1.014
0.215000,0.5884,0.7570,-0.3317,1.015
0.218000,0.5874,0.7575,-0.3317,1.014
0.219000,0.5859,0.7580,-0.3312,1.014
0.223000,0.5847,0.7582,-0.3302,1.013
0.223000,0.5842,0.7580,-0.3293,1.012
0.227000,0.5832,0.7582,-0.3288,1.012
0.227000,0.5818,0.7592,-0.3293,1.012
0.231000,0.5815,0.7607,-0.3290,1.012
0.231000,0.5822,0.7609,-0.3278,1.013
0.235000,0.5835,0.7607,-0.3268,1.013
0.236000,0.5847,0.7612,-0.3266,1.014
0.239000,0.5852,0.7626,-0.3271,1.015
0.240000,0.5862,0.7636,-0.3280,1.017
0.243000,0.5866,0.7634,-0.3293,1.018
0.243000,0.5859,0.7629,-0.3300,1.017
0.247000,0.5854,0.7624,-0.3293,1.016
0.247000,0.5849,0.7624,-0.3283,1.015
0.251000,0.5857,0.7622,-0.3280,1.016
0.252000,0.5864,0.7619,-0.3288,1.016
0.255000,0.5864,0.7622,-0.3295,1.017
0.255000,0.5864,0.7619,-0.3293,1.016
0.259000,0.5869,0.7617,-0.3288,1.016
0.260000,0.5876,0.7622,-0.3293,1.017
0.262000,0.5884,0.7634,-0.3293,1.018
0.262000,0.5876,0.7634,-0.3280,1.018
0.268000,0.5862,0.7634,-0.3256,1.016
0.268000,0.5849,0.7634,-0.3222,1.014
0.271000,0.5835,0.7634,-0.3180,1.012
0.271000,0.5820,0.7634,-0.3151,1.010
0.275000,0.5808,0.7636,-0.3131,1.009
0.276000,0.5798,0.7639,-0.3112,1.008
0.279000,0.5791,0.7636,-0.3080,1.007
0.279000,0.5786,0.7634,-0.3038,1.005
0.285000,0.5783,0.7639,-0.2997,1.004
0.286000,0.5774,0.7651,-0.2955,1.003
0.287000,0.5761,0.7658,-0.2919,1.002
0.287000,0.5744,0.7673,-0.2889,1.001
0.291000,0.5720,0.7685,-0.2860,1.000
0.291000,0.5705,0.7690,-0.2843,0.999
0.295000,0.5703,0.7685,-0.2843,0.998
0.296000,0.5708,0.7673,-0.2855,0.998
0.308000,0.5710,0.7663,-0.2872,0.998
0.308000,0.5712,0.7653,-0.2884,0.998
0.309000,0.5710,0.7653,-0.2889,0.998
0.309000,0.5705,0.7656,-0.2892,0.998
0.309000,0.5700,0.7656,-0.2887,0.997
0.309000,0.5698,0.7651,-0.2889,0.997
0.311000,0.5700,0.7653,-0.2901,0.997
0.311000,0.5708,0.7663,-0.2921,0.999
0.315000,0.5720,0.7675,-0.2943,1.001
0.315000,0.5732,0.7680,-0.2963,1.003
0.324000,0.5744,0.7675,-0.2980,1.004
0.325000,0.5752,0.7668,-0.2997,1.004
0.325000,0.5754,0.7656,-0.3014,1.004
0.325000,0.5754,0.7646,-0.3026,1.004
0.328000,0.5752,0.7641,-0.3036,1.003
0.329000,0.5749,0.7641,-0.3046,1.004
0.334000,0.5754,0.7646,-0.3060,1.005
0.334000,0.5756,0.7653,-0.3080,1.006
0.336000,0.5759,0.7661,-0.3099,1.007
0.337000,0.5769,0.7661,-0.3112,1.008
0.338000,0.5783,0.7658,-0.3124,1.009
0.339000,0.5796,0.7658,-0.3136,1.010
0.343000,0.5813,0.7658,-0.3151,1.012
0.343000,0.5832,0.7656,-0.3165,1.013
0.347000,0.5852,0.7648,-0.3178,1.014
0.347000,0.5871,0.7641,-0.3190,1.015
0.351000,0.5896,0.7634,-0.3207,1.016
0.351000,0.5913,0.7626,-0.3236,1.018
0.355000,0.5925,0.7624,-0.3266,1.019
0.355000,0.5942,0.7622,-0.3290,1.021
0.359000,0.5967,0.7617,-0.3310,1.023
0.359000,0.5989,0.7614,-0.3334,1.024
0.362000,0.6008,0.7614,-0.3361,1.027
0.363000,0.6020,0.7626,-0.3383,1.029
0.368000,0.6028,0.7636,-0.3393,1.030
0.368000,0.6028,0.7639,-0.3390,1.030
0.371000,0.6013,0.7634,-0.3388,1.029
0.371000,0.6003,0.7629,-0.3388,1.028
0.374000,0.5998,0.7626,-0.3385,1.028
0.375000,0.5984,0.7634,-0.3381,1.027
0.378000,0.5969,0.7636,-0.3383,1.027
0.378000,0.5954,0.7631,-0.3395,1.026
0.382000,0.5940,0.7634,-0.3405,1.025
0.382000,0.5913,0.7639,-0.3400,1.024
0.387000,0.5881,0.7641,-0.3383,1.022
0.387000,0.5857,0.7636,-0.3366,1.020
0.392000,0.5840,0.7629,-0.3351,1.018
0.392000,0.5832,0.7622,-0.3344,1.016
0.394000,0.5827,0.7622,-0.3332,1.016
0.395000,0.5825,0.7624,-0.3312,1.015
0.403000,0.5827,0.7624,-0.3300,1.015
0.404000,0.5835,0.7622,-0.3280,1.014
0.408000,0.5844,0.7612,-0.3268,1.014
0.408000,0.5844,0.7597,-0.3263,1.013
0.408000,0.5835,0.7575,-0.3253,1.010
0.408000,0.5822,0.7551,-0.3234,1.007
0.411000,0.5813,0.7534,-0.3214,1.004
0.412000,0.5798,0.7516,-0.3205,1.002
0.415000,0.5786,0.7494,-0.3197,0.999
0.415000,0.5786,0.7485,-0.3187,0.998
0.420000,0.5783,0.7477,-0.3178,0.997
0.420000,0.5783,0.7465,-0.3175,0.996
0.423000,0.5786,0.7448,-0.3163,0.995
0.423000,0.5786,0.7438,-0.3143,0.993
0.427000,0.5771,0.7438,-0.3117,0.992
0.428000,0.5656,0.7455,-0.3109,0.986
0.431000,0.4559,0.7590,-0.3275,0.944
0.431000,0.3581,0.7700,-0.3520,0.919
0.435000,0.4916,0.7597,-0.3464,0.969
0.436000,0.6541,0.7480,-0.3280,1.046
0.439000,0.6636,0.7438,-0.3427,1.054
0.440000,0.5942,0.7468,-0.3449,1.015
0.443000,0.5571,0.7526,-0.3077,0.986
0.443000,0.5576,0.7582,-0.2801,0.982
0.447000,0.5649,0.7629,-0.2879,0.992
0.447000,0.5725,0.7658,-0.3075,1.004
0.451000,0.5815,0.7658,-0.3185,1.013
0.452000,0.5884,0.7631,-0.3195,1.015
0.455000,0.5913,0.7587,-0.3136,1.012
0.455000,0.5935,0.7546,-0.3048,1.007
0.458000,0.5969,0.7519,-0.2980,1.005
0.459000,0.5991,0.7509,-0.2953,1.005
0.462000,0.5986,0.7516,-0.2948,1.005
0.462000,0.5962,0.7541,-0.2943,1.005
0.467000,0.5937,0.7573,-0.2933,1.006
0.468000,0.5928,0.7600,-0.2919,1.007
0.471000,0.5935,0.7622,-0.2906,1.009
0.472000,0.5952,0.7641,-0.2904,1.011
0.475000,0.5972,0.7658,-0.2914,1.014
0.475000,0.5994,0.7668,-0.2928,1.016
0.479000,0.6013,0.7678,-0.2941,1.019
0.479000,0.6023,0.7695,-0.2948,1.021
0.484000,0.6020,0.7710,-0.2950,1.022
0.485000,0.6011,0.7719,-0.2960,1.022
0.488000,0.5996,0.7732,-0.2977,1.023
0.488000,0.5979,0.7744,-0.2997,1.023
0.492000,0.5967,0.7749,-0.3016,1.023
0.492000,0.5959,0.7754,-0.3029,1.024
0.495000,0.5945,0.7758,-0.3036,1.023
0.495000,0.5915,0.7768,-0.3041,1.023
0.498000,0.5881,0.7778,-0.3041,1.021
0.505000,0.5847,0.7788,-0.3038,1.020
0.506000,0.5820,0.7780,-0.3036,1.018
0.507000,0.5803,0.7771,-0.3026,1.016
0.509000,0.5798,0.7768,-0.2997,1.015
0.510000,0.5793,0.7766,-0.2960,1.013
0.512000,0.5791,0.7763,-0.2936,1.012
0.513000,0.5793,0.7766,-0.2923,1.012
0.521000,0.5800,0.7763,-0.2926,1.012
0.523000,0.5796,0.7751,-0.2928,1.011
0.523000,0.5798,0.7734,-0.2933,1.010
0.523000,0.5810,0.7717,-0.2941,1.010
0.524000,0.5822,0.7695,-0.2950,1.009
0.524000,0.5837,0.7668,-0.2965,1.008
0.527000,0.5852,0.7648,-0.2970,1.008
0.528000,0.5869,0.7631,-0.2972,1.008
0.532000,0.5888,0.7604,-0.2970,1.007
0.532000,0.5906,0.7582,-0.2967,1.006
0.536000,0.5913,0.7568,-0.2972,1.005
0.537000,0.5913,0.7560,-0.2985,1.005
0.538000,0.5920,0.7553,-0.3002,1.006
0.539000,0.5925,0.7538,-0.3016,1.005
0.544000,0.5930,0.7524,-0.3038,1.005
0.544000,0.5937,0.7509,-0.3058,1.005
0.547000,0.5950,0.7499,-0.3063,1.005
0.547000,0.5967,0.7499,-0.3055,1.006
0.552000,0.5984,0.7507,-0.3053,1.007
0.553000,0.5994,0.7509,-0.3058,1.008
0.555000,0.5991,0.7504,-0.3068,1.008
0.555000,0.5986,0.7499,-0.3085,1.008
0.560000,0.5979,0.7494,-0.3095,1.007
0.560000,0.5974,0.7497,-0.3099,1.007
0.564000,0.5969,0.7509,-0.3097,1.008
0.564000,0.5952,0.7524,-0.3097,1.008
0.568000,0.5930,0.7531,-0.3102,1.007
0.569000,0.5908,0.7538,-0.3109,1.007
0.571000,0.5888,0.7548,-0.3097,1.006
0.571000,0.5876,0.7556,-0.3075,1.005
0.576000,0.5874,0.7563,-0.3060,1.005
0.576000,0.5871,0.7575,-0.3051,1.006
0.579000,0.5859,0.7585,-0.3041,1.006
0.580000,0.5844,0.7582,-0.3031,1.004
0.585000,0.5835,0.7580,-0.3031,1.003
0.586000,0.5825,0.7582,-0.3033,1.003
0.590000,0.5818,0.7597,-0.3024,1.004
0.591000,0.5810,0.7612,-0.3004,1.004
0.592000,0.5803,0.7622,-0.2985,1.003
0.592000,0.5805,0.7626,-0.2965,1.003
0.596000,0.5815,0.7629,-0.2941,1.003
0.596000,0.5825,0.7634,-0.2916,1.004
0.599000,0.5825,0.7636,-0.2906,1.003
0.599000,0.5818,0.7634,-0.2901,1.003
0.617000,0.5808,0.7631,-0.2901,1.002
0.619000,0.5798,0.7629,-0.2897,1.001
0.619000,0.5788,0.7624,-0.2897,1.000
0.620000,0.5776,0.7622,-0.2899,0.999
0.620000,0.5749,0.7622,-0.2892,0.998
0.620000,0.5720,0.7626,-0.2887,0.996
0.620000,0.5695,0.7639,-0.2889,0.996
0.621000,0.5683,0.7661,-0.2889,0.997
0.621000,0.5681,0.7688,-0.2870,0.998
0.621000,0.5681,0.7710,-0.2843,0.999
0.623000,0.5681,0.7729,-0.2826,1.000
0.624000,0.5690,0.7744,-0.2826,1.002
0.628000,0.5700,0.7756,-0.2821,1.003
0.628000,0.5705,0.7761,-0.2811,1.003
0.631000,0.5712,0.7763,-0.2804,1.004
0.631000,0.5725,0.7761,-0.2809,1.004
0.636000,0.5744,0.7749,-0.2826,1.005
0.636000,0.5759,0.7736,-0.2838,1.005
0.639000,0.5766,0.7727,-0.2840,1.005
0.639000,0.5783,0.7719,-0.2845,1.006
0.644000,0.5805,0.7707,-0.2850,1.006
0.644000,0.5827,0.7700,-0.2860,1.007
0.647000,0.5842,0.7695,-0.2865,1.008
0.647000,0.5854,0.7692,-0.2877,1.009
0.652000,0.5859,0.7692,-0.2887,1.009
0.653000,0.5859,0.7695,-0.2897,1.010
0.655000,0.5859,0.7702,-0.2906,1.010
0.655000,0.5857,0.7702,-0.2914,1.011
0.659000,0.5859,0.7700,-0.2921,1.011
0.659000,0.5866,0.7702,-0.2933,1.012
0.662000,0.5866,0.7710,-0.2948,1.013
0.662000,0.5869,0.7714,-0.2960,1.014
0.667000,0.5876,0.7717,-0.2967,1.014
0.668000,0.5888,0.7717,-0.2963,1.015
0.671000,0.5898,0.7717,-0.2958,1.015
0.671000,0.5896,0.7717,-0.2955,1.015
0.676000,0.5891,0.7714,-0.2965,1.015
0.677000,0.5891,0.7717,-0.2975,1.015
0.679000,0.5891,0.7722,-0.2982,1.016
0.679000,0.5886,0.7727,-0.2989,1.016
0.684000,0.5874,0.7732,-0.2994,1.016
0.685000,0.5859,0.7732,-0.2994,1.015
0.687000,0.5840,0.7729,-0.2987,1.014
0.687000,0.5827,0.7727,-0.2980,1.013
0.691000,0.5825,0.7727,-0.2975,1.012
0.692000,0.5815,0.7719,-0.2967,1.011
0.696000,0.5805,0.7712,-0.2963,1.010
0.696000,0.5800,0.7702,-0.2960,1.009
0.698000,0.5800,0.7692,-0.2963,1.008
0.705000,0.5796,0.7683,-0.2967,1.007
0.706000,0.5786,0.7675,-0.2972,1.006
0.706000,0.5788,0.7668,-0.2977,1.006
0.709000,0.5796,0.7663,-0.2989,1.006
0.709000,0.5803,0.7656,-0.2997,1.006
0.712000,0.5813,0.7646,-0.3007,1.006
0.712000,0.5822,0.7636,-0.3014,1.006
0.715000,0.5825,0.7629,-0.3014,1.006
0.716000,0.5818,0.7626,-0.3019,1.006
0.720000,0.5820,0.7619,-0.3033,1.006
0.721000,0.5825,0.7617,-0.3051,1.006
0.723000,0.5825,0.7617,-0.3063,1.007
0.724000,0.5822,0.7617,-0.3073,1.007
0.727000,0.5830,0.7614,-0.3080,1.007
0.728000,0.5840,0.7614,-0.3080,1.008
0.731000,0.5844,0.7614,-0.3080,1.008
0.731000,0.5847,0.7617,-0.3082,1.008
0.736000,0.5844,0.7612,-0.3095,1.008
0.737000,0.5840,0.7602,-0.3107,1.008
0.738000,0.5840,0.7592,-0.3109,1.007
0.739000,0.5840,0.7595,-0.3107,1.007
0.743000,0.5832,0.7602,-0.3114,1.007
0.744000,0.5820,0.7612,-0.3121,1.008
0.747000,0.5813,0.7617,-0.3117,1.008
0.748000,0.5808,0.7622,-0.3114,1.008
0.751000,0.5810,0.7624,-0.3117,1.008
0.752000,0.5815,0.7626,-0.3112,1.008
0.755000,0.5827,0.7634,-0.3109,1.009
0.756000,0.5842,0.7646,-0.3117,1.011
0.760000,0.5847,0.7653,-0.3121,1.012
0.761000,0.5840,0.7651,-0.3119,1.012
0.763000,0.5830,0.7651,-0.3117,1.011
0.764000,0.5822,0.7651,-0.3124,1.011
0.768000,0.5825,0.7651,-0.3129,1.011
0.770000,0.5830,0.7651,-0.3134,1.012
0.771000,0.5827,0.7646,-0.3136,1.011
0.772000,0.5818,0.7646,-0.3143,1.011
0.776000,0.5822,0.7644,-0.3151,1.011
0.776000,0.5842,0.7646,-0.3151,1.013
0.779000,0.5857,0.7653,-0.3146,1.014
0.779000,0.5866,0.7658,-0.3146,1.015
0.786000,0.5871,0.7651,-0.3146,1.014
0.787000,0.5871,0.7644,-0.3146,1.014
0.788000,0.5869,0.7646,-0.3139,1.014
0.789000,0.5862,0.7646,-0.3129,1.013
0.793000,0.5849,0.7644,-0.3131,1.012
0.794000,0.5840,0.7634,-0.3134,1.011
0.796000,0.5844,0.7634,-0.3134,1.011
0.796000,0.5852,0.7646,-0.3126,1.012
0.809000,0.5854,0.7656,-0.3121,1.013
0.811000,0.5847,0.7656,-0.3121,1.013
0.812000,0.5835,0.7651,-0.3124,1.012
0.812000,0.5830,0.7651,-0.3121,1.011
0.812000,0.5830,0.7651,-0.3109,1.011
0.813000,0.5825,0.7646,-0.3095,1.010
0.813000,0.5820,0.7646,-0.3082,1.009
0.814000,0.5822,0.7651,-0.3075,1.009
0.815000,0.5827,0.7656,-0.3070,1.010
0.830000,0.5827,0.7661,-0.3068,1.010
0.832000,0.5825,0.7656,-0.3068,1.010
0.832000,0.5822,0.7646,-0.3068,1.009
0.833000,0.5827,0.7636,-0.3063,1.008
0.833000,0.5830,0.7631,-0.3060,1.008
0.833000,0.5825,0.7622,-0.3053,1.007
0.834000,0.5813,0.7617,-0.3043,1.005
0.834000,0.5805,0.7614,-0.3041,1.005
0.834000,0.5805,0.7614,-0.3043,1.005
0.835000,0.5810,0.7617,-0.3043,1.005
0.836000,0.5810,0.7617,-0.3038,1.005
0.840000,0.5808,0.7612,-0.3031,1.004
0.840000,0.5800,0.7609,-0.3016,1.003
0.843000,0.5788,0.7614,-0.3009,1.003
0.844000,0.5783,0.7617,-0.3011,1.003
0.846000,0.5788,0.7614,-0.3019,1.003
0.847000,0.5796,0.7617,-0.3024,1.004
0.853000,0.5796,0.7622,-0.3026,1.004
0.854000,0.5798,0.7624,-0.3024,1.004
0.855000,0.5813,0.7624,-0.3016,1.005
0.855000,0.5830,0.7622,-0.3007,1.006
0.860000,0.5842,0.7617,-0.3002,1.006
0.861000,0.5847,0.7617,-0.2997,1.006
0.863000,0.5852,0.7619,-0.2992,1.006
0.863000,0.5862,0.7617,-0.2987,1.006
0.869000,0.5871,0.7609,-0.2992,1.007
0.870000,0.5869,0.7609,-0.2999,1.007
0.871000,0.5859,0.7617,-0.3011,1.007
0.871000,0.5849,0.7626,-0.3026,1.008
0.876000,0.5849,0.7639,-0.3038,1.009
0.876000,0.5852,0.7644,-0.3048,1.010
0.880000,0.5849,0.7646,-0.3048,1.010
0.880000,0.5852,0.7646,-0.3046,1.010
0.885000,0.5864,0.7646,-0.3046,1.011
0.886000,0.5874,0.7651,-0.3051,1.012
0.888000,0.5886,0.7663,-0.3055,1.013
0.888000,0.5898,0.7663,-0.3060,1.014
0.892000,0.5903,0.7656,-0.3058,1.014
0.893000,0.5893,0.7646,-0.3053,1.012
0.896000,0.5884,0.7644,-0.3053,1.012
0.897000,0.5881,0.7646,-0.3053,1.012
0.898000,0.5891,0.7653,-0.3048,1.013
0.907000,0.5898,0.7653,-0.3051,1.013
0.908000,0.5901,0.7651,-0.3053,1.013
0.908000,0.5901,0.7651,-0.3053,1.013
0.909000,0.5893,0.7656,-0.3051,1.013
0.909000,0.5881,0.7658,-0.3046,1.012
0.912000,0.5874,0.7658,-0.3043,1.012
0.913000,0.5871,0.7663,-0.3046,1.012
0.915000,0.5869,0.7670,-0.3046,1.013
0.916000,0.5871,0.7673,-0.3043,1.013
0.921000,0.5874,0.7673,-0.3046,1.013
0.922000,0.5864,0.7673,-0.3051,1.013
0.923000,0.5857,0.7670,-0.3053,1.012
0.924000,0.5849,0.7663,-0.3053,1.011
0.928000,0.5840,0.7651,-0.3055,1.010
0.928000,0.5837,0.7646,-0.3051,1.009
0.931000,0.5847,0.7653,-0.3041,1.010
0.931000,0.5859,0.7658,-0.3026,1.011
0.935000,0.5869,0.7639,-0.3014,1.009
0.936000,0.5862,0.7624,-0.3011,1.008
0.939000,0.5842,0.7624,-0.3021,1.007
0.940000,0.5825,0.7634,-0.3038,1.007
0.943000,0.5827,0.7634,-0.3048,1.008
0.944000,0.5847,0.7629,-0.3051,1.008
0.947000,0.5874,0.7617,-0.3046,1.009
0.947000,0.5906,0.7609,-0.3029,1.010
0.951000,0.5930,0.7609,-0.2997,1.010
0.952000,0.5937,0.7614,-0.2972,1.010
0.956000,0.5920,0.7614,-0.2963,1.009
0.956000,0.5893,0.7609,-0.2963,1.007
0.960000,0.5874,0.7607,-0.2965,1.006
0.960000,0.5862,0.7602,-0.2963,1.005
0.963000,0.5849,0.7595,-0.2965,1.003
0.964000,0.5842,0.7595,-0.2972,1.003
0.968000,0.5840,0.7600,-0.2977,1.004
0.969000,0.5840,0.7607,-0.2972,1.004
0.971000,0.5832,0.7614,-0.2958,1.004
0.972000,0.5820,0.7622,-0.2943,1.003
0.976000,0.5810,0.7629,-0.2941,1.003
0.976000,0.5808,0.7626,-0.2943,1.003
0.979000,0.5818,0.7629,-0.2948,1.004
0.980000,0.5830,0.7631,-0.2963,1.005
0.985000,0.5830,0.7634,-0.2980,1.006
0.985000,0.5820,0.7636,-0.2992,1.006
0.987000,0.5818,0.7639,-0.2997,1.006
0.988000,0.5820,0.7644,-0.2997,1.006
0.992000,0.5825,0.7651,-0.2992,1.007
0.992000,0.5830,0.7656,-0.2989,1.008
0.995000,0.5830,0.7656,-0.2985,1.007
0.995000,0.5830,0.7658,-0.2975,1.007
1.004000,0.5840,0.7663,-0.2972,1.008
1.005000,0.5854,0.7663,-0.2982,1.009
1.006000,0.5866,0.7668,-0.2992,1.011
1.013000,0.5866,0.7668,-0.2992,1.011
1.013000,0.5864,0.7670,-0.2985,1.011
1.014000,0.5864,0.7670,-0.2985,1.011
1.014000,0.5859,0.7670,-0.2989,1.010
1.014000,0.5844,0.7670,-0.2997,1.010
1.017000,0.5827,0.7668,-0.2999,1.009
1.018000,0.5825,0.7666,-0.2997,1.008
1.020000,0.5837,0.7670,-0.2994,1.009
1.020000,0.5844,0.7675,-0.2989,1.010
1.023000,0.5842,0.7673,-0.2987,1.010
1.024000,0.5844,0.7670,-0.2980,1.009
1.028000,0.5854,0.7683,-0.2977,1.011
1.028000,0.5864,0.7700,-0.2980,1.013
1.035000,0.5862,0.7705,-0.2972,1.013
1.037000,0.5849,0.7705,-0.2960,1.012
1.038000,0.5847,0.7697,-0.2955,1.011
1.038000,0.5852,0.7695,-0.2960,1.011
1.039000,0.5852,0.7697,-0.2963,1.011
1.039000,0.5849,0.7697,-0.2960,1.011
1.044000,0.5847,0.7692,-0.2960,1.011
1.045000,0.5837,0.7680,-0.2967,1.009
1.048000,0.5830,0.7678,-0.2977,1.009
1.049000,0.5825,0.7683,-0.2985,1.009
1.052000,0.5818,0.7685,-0.2985,1.009
1.054000,0.5813,0.7680,-0.2980,1.008
1.055000,0.5808,0.7680,-0.2980,1.008
1.056000,0.5818,0.7685,-0.2972,1.009
1.059000,0.5825,0.7690,-0.2963,1.009
1.060000,0.5825,0.7690,-0.2967,1.009
1.062000,0.5818,0.7685,-0.2977,1.009
1.063000,0.5805,0.7680,-0.2982,1.008
1.068000,0.5803,0.7678,-0.2982,1.008
1.070000,0.5808,0.7675,-0.2980,1.008
1.071000,0.5808,0.7670,-0.2980,1.007
1.072000,0.5800,0.7666,-0.2985,1.007
1.076000,0.5793,0.7656,-0.2985,1.005
1.076000,0.5798,0.7656,-0.2987,1.006
1.078000,0.5808,0.7656,-0.2987,1.006
1.079000,0.5818,0.7653,-0.2989,1.007
1.086000,0.5830,0.7646,-0.2992,1.007
1.088000,0.5835,0.7644,-0.2992,1.007
1.088000,0.5832,0.7641,-0.2994,1.007
1.088000,0.5830,0.7646,-0.2997,1.007
1.092000,0.5827,0.7651,-0.3009,1.008
1.093000,0.5820,0.7648,-0.3019,1.007
1.095000,0.5813,0.7639,-0.3026,1.006
1.096000,0.5810,0.7634,-0.3033,1.006
1.108000,0.5813,0.7631,-0.3041,1.006
1.109000,0.5813,0.7636,-0.3038,1.007
1.110000,0.5810,0.7641,-0.3038,1.007
1.110000,0.5815,0.7641,-0.3036,1.007
1.111000,0.5825,0.7641,-0.3029,1.007
1.111000,0.5827,0.7646,-0.3021,1.008
1.111000,0.5825,0.7648,-0.3021,1.008
1.112000,0.5827,0.7648,-0.3021,1.008
1.131000,0.5830,0.7653,-0.3024,1.008
1.132000,0.5835,0.7658,-0.3026,1.009
1.132000,0.5830,0.7658,-0.3029,1.009
1.133000,0.5830,0.7653,-0.3026,1.009
1.133000,0.5830,0.7653,-0.3026,1.009
1.133000,0.5830,0.7648,-0.3031,1.008
1.133000,0.5825,0.7641,-0.3033,1.008
1.134000,0.5825,0.7644,-0.3036,1.008
1.134000,0.5825,0.7648,-0.3043,1.008
1.134000,0.5822,0.7653,-0.3053,1.009
1.136000,0.5822,0.7651,-0.3051,1.009
1.136000,0.5825,0.7646,-0.3048,1.008
1.140000,0.5825,0.7646,-0.3046,1.008
1.140000,0.5827,0.7651,-0.3048,1.009
1.143000,0.5835,0.7658,-0.3058,1.010
1.144000,0.5840,0.7658,-0.3063,1.011
1.147000,0.5847,0.7656,-0.3065,1.011
1.147000,0.5852,0.7656,-0.3075,1.011
1.153000,0.5852,0.7653,-0.3077,1.011
1.154000,0.5847,0.7648,-0.3075,1.011
1.155000,0.5842,0.7641,-0.3085,1.010
1.156000,0.5844,0.7641,-0.3097,1.011
1.162000,0.5847,0.7641,-0.3097,1.011
1.162000,0.5849,0.7636,-0.3095,1.010
1.163000,0.5847,0.7624,-0.3099,1.010
1.163000,0.5842,0.7622,-0.3109,1.009
1.168000,0.5844,0.7624,-0.3104,1.010
1.169000,0.5847,0.7622,-0.3087,1.009
1.171000,0.5852,0.7619,-0.3080,1.009
1.172000,0.5862,0.7614,-0.3073,1.009
1.176000,0.5866,0.7607,-0.3063,1.008
1.176000,0.5866,0.7604,-0.3068,1.008
1.179000,0.5871,0.7609,-0.3075,1.009
1.179000,0.5874,0.7622,-0.3075,1.010
1.186000,0.5874,0.7626,-0.3070,1.010
1.187000,0.5866,0.7622,-0.3070,1.010
1.188000,0.5859,0.7614,-0.3075,1.009
1.188000,0.5859,0.7604,-0.3082,1.008
1.192000,0.5862,0.7602,-0.3092,1.009
1.192000,0.5866,0.7604,-0.3095,1.009
1.196000,0.5876,0.7609,-0.3092,1.010
1.196000,0.5881,0.7614,-0.3095,1.011
1.205000,0.5884,0.7614,-0.3099,1.011
1.206000,0.5881,0.7609,-0.3107,1.011
1.213000,0.5879,0.7604,-0.3112,1.010
1.214000,0.5876,0.7607,-0.3114,1.010
1.214000,0.5871,0.7612,-0.3117,1.011
1.215000,0.5874,0.7619,-0.3114,1.011
1.215000,0.5876,0.7624,-0.3117,1.012
1.215000,0.5871,0.7634,-0.3119,1.012
1.219000,0.5864,0.7639,-0.3129,1.013
1.220000,0.5866,0.7639,-0.3139,1.013
1.220000,0.5879,0.7636,-0.3141,1.014
1.220000,0.5881,0.7629,-0.3139,1.013
1.223000,0.5879,0.7626,-0.3136,1.013
1.224000,0.5876,0.7629,-0.3129,1.013
1.229000,0.5871,0.7634,-0.3124,1.012
1.229000,0.5876,0.7634,-0.3121,1.013
1.231000,0.5879,0.7624,-0.3117,1.012
1.231000,0.5884,0.7612,-0.3109,1.011
1.236000,0.5888,0.7609,-0.3109,1.011
1.237000,0.5891,0.7609,-0.3097,1.011
1.240000,0.5876,0.7607,-0.3070,1.009
1.241000,0.5844,0.7597,-0.3058,1.006
1.245000,0.5810,0.7597,-0.3063,1.004
1.246000,0.5788,0.7607,-0.3075,1.004
1.247000,0.5796,0.7619,-0.3085,1.006
1.247000,0.5827,0.7619,-0.3087,1.008
1.252000,0.5854,0.7612,-0.3075,1.008
1.253000,0.5876,0.7609,-0.3051,1.009
1.255000,0.5903,0.7609,-0.3019,1.009
1.256000,0.5918,0.7614,-0.2989,1.010
1.260000,0.5915,0.7617,-0.2977,1.009
1.260000,0.5898,0.7609,-0.2980,1.008
1.263000,0.5866,0.7595,-0.2985,1.005
1.263000,0.5840,0.7585,-0.2997,1.003
1.267000,0.5822,0.7582,-0.3007,1.002
1.268000,0.5818,0.7580,-0.3014,1.002
1.271000,0.5820,0.7578,-0.3009,1.002
1.272000,0.5822,0.7585,-0.2997,1.002
1.275000,0.5815,0.7590,-0.2985,1.002
1.275000,0.5813,0.7595,-0.2967,1.001
1.280000,0.5818,0.7597,-0.2960,1.002
1.280000,0.5827,0.7604,-0.2963,1.003
1.288000,0.5835,0.7612,-0.2960,1.004
1.289000,0.5844,0.7617,-0.2960,1.005
1.289000,0.5854,0.7626,-0.2967,1.006
1.289000,0.5866,0.7631,-0.2985,1.008
1.294000,0.5871,0.7636,-0.3002,1.009
1.294000,0.5881,0.7646,-0.3009,1.010
1.298000,0.5893,0.7656,-0.3009,1.012
1.299000,0.5901,0.7658,-0.3011,1.013
1.307000,0.5906,0.7663,-0.3021,1.014
1.309000,0.5910,0.7666,-0.3026,1.014
1.309000,0.5915,0.7673,-0.3031,1.015
1.310000,0.5918,0.7683,-0.3033,1.016
1.311000,0.5918,0.7695,-0.3031,1.017
1.312000,0.5908,0.7702,-0.3021,1.017
1.313000,0.5901,0.7710,-0.3011,1.016
1.314000,0.5898,0.7710,-0.3009,1.016
1.317000,0.5896,0.7717,-0.3004,1.017
1.318000,0.5888,0.7727,-0.2994,1.017
1.322000,0.5879,0.7732,-0.2980,1.016
1.323000,0.5876,0.7736,-0.2960,1.016
1.324000,0.5866,0.7739,-0.2943,1.015
1.325000,0.5854,0.7736,-0.2928,1.013
1.327000,0.5847,0.7739,-0.2923,1.013
1.328000,0.5842,0.7741,-0.2921,1.013
1.331000,0.5835,0.7739,-0.2914,1.012
1.331000,0.5830,0.7741,-0.2901,1.012
1.336000,0.5827,0.7744,-0.2899,1.012
1.337000,0.5830,0.7744,-0.2906,1.012
1.339000,0.5832,0.7736,-0.2909,1.012
1.339000,0.5835,0.7729,-0.2909,1.011
1.343000,0.5837,0.7719,-0.2906,1.010
1.343000,0.5842,0.7705,-0.2904,1.010
1.347000,0.5849,0.7688,-0.2906,1.009
1.348000,0.5852,0.7678,-0.2904,1.008
1.354000,0.5844,0.7678,-0.2909,1.008
1.356000,0.5842,0.7675,-0.2926,1.008
1.356000,0.5837,0.7668,-0.2945,1.008
1.357000,0.5837,0.7653,-0.2960,1.007
1.360000,0.5840,0.7646,-0.2965,1.007
1.360000,0.5840,0.7639,-0.2965,1.006
1.363000,0.5835,0.7629,-0.2965,1.005
1.364000,0.5837,0.7626,-0.2965,1.005
1.368000,0.5842,0.7629,-0.2967,1.006
1.369000,0.5842,0.7626,-0.2972,1.006
1.371000,0.5842,0.7619,-0.2982,1.005
1.372000,0.5840,0.7609,-0.2980,1.004
1.376000,0.5835,0.7609,-0.2975,1.004
1.376000,0.5835,0.7612,-0.2980,1.004
1.379000,0.5825,0.7614,-0.2987,1.004
1.379000,0.5815,0.7609,-0.2992,1.003
1.385000,0.5813,0.7602,-0.2989,1.003
1.387000,0.5815,0.7597,-0.2982,1.002
1.389000,0.5815,0.7595,-0.2972,1.002
1.389000,0.5815,0.7592,-0.2975,1.002
1.392000,0.5818,0.7587,-0.2982,1.002
1.393000,0.5813,0.7585,-0.2985,1.001
1.396000,0.5813,0.7580,-0.2972,1.000
1.397000,0.5815,0.7568,-0.2967,0.999
1.407000,0.5818,0.7565,-0.2967,0.999
1.408000,0.5818,0.7568,-0.2980,1.000
1.408000,0.5818,0.7573,-0.2994,1.001
1.408000,0.5825,0.7578,-0.3007,1.002
1.410000,0.5827,0.7587,-0.3014,1.003
1.410000,0.5822,0.7587,-0.3014,1.003
1.426000,0.5827,0.7585,-0.3014,1.003
1.426000,0.5840,0.7585,-0.3016,1.004
1.427000,0.5847,0.7587,-0.3019,1.004
1.427000,0.5840,0.7590,-0.3016,1.004
1.427000,0.5830,0.7592,-0.3016,1.004
1.427000,0.5835,0.7590,-0.3021,1.004
1.428000,0.5844,0.7595,-0.3026,1.005
1.428000,0.5852,0.7602,-0.3026,1.006
1.428000,0.5857,0.7604,-0.3033,1.007
1.428000,0.5854,0.7600,-0.3038,1.006
1.434000,0.5854,0.7604,-0.3038,1.007
1.435000,0.5854,0.7614,-0.3036,1.007
1.437000,0.5854,0.7622,-0.3033,1.008
1.438000,0.5859,0.7622,-0.3038,1.008
1.439000,0.5864,0.7622,-0.3046,1.009
1.439000,0.5866,0.7624,-0.3051,1.009
1.447000,0.5864,0.7626,-0.3051,1.009
1.447000,0.5862,0.7631,-0.3048,1.009
1.447000,0.5866,0.7639,-0.3053,1.010
1.448000,0.5876,0.7644,-0.3063,1.012
1.451000,0.5879,0.7646,-0.3068,1.012
1.452000,0.5881,0.7646,-0.3070,1.012
1.455000,0.5886,0.7653,-0.3068,1.013
1.455000,0.5893,0.7658,-0.3068,1.014
1.459000,0.5906,0.7663,-0.3070,1.015
1.459000,0.5913,0.7670,-0.3073,1.016
1.462000,0.5923,0.7675,-0.3068,1.017
1.463000,0.5925,0.7678,-0.3065,1.017
1.468000,0.5920,0.7680,-0.3070,1.017
1.468000,0.5913,0.7685,-0.3085,1.018
1.471000,0.5906,0.7690,-0.3095,1.018
1.472000,0.5913,0.7685,-0.3099,1.018
1.476000,0.5918,0.7680,-0.3099,1.018
1.476000,0.5920,0.7680,-0.3095,1.018
1.479000,0.5923,0.7683,-0.3087,1.018
1.479000,0.5928,0.7685,-0.3077,1.018
1.488000,0.5932,0.7680,-0.3075,1.018
1.489000,0.5937,0.7675,-0.3077,1.018
1.489000,0.5940,0.7678,-0.3077,1.018
1.497000,0.5942,0.7685,-0.3073,1.019
1.497000,0.5932,0.7680,-0.3068,1.018
1.497000,0.5915,0.7668,-0.3065,1.016
1.498000,0.5898,0.7656,-0.3065,1.014
1.498000,0.5893,0.7651,-0.3060,1.013
1.501000,0.5893,0.7646,-0.3051,1.012
1.502000,0.5888,0.7634,-0.3048,1.011
1.503000,0.5888,0.7624,-0.3048,1.010
1.504000,0.5884,0.7622,-0.3043,1.010
1.507000,0.5881,0.7617,-0.3036,1.009
1.508000,0.5876,0.7607,-0.3024,1.008
1.512000,0.5876,0.7602,-0.3021,1.007
1.513000,0.5874,0.7597,-0.3016,1.007
1.519000,0.5869,0.7587,-0.3014,1.005
1.520000,0.5862,0.7585,-0.3011,1.005
1.521000,0.5857,0.7587,-0.3009,1.005
1.521000,0.5849,0.7590,-0.3004,1.004
1.524000,0.5844,0.7587,-0.3002,1.004
1.525000,0.5840,0.7587,-0.2999,1.003
1.528000,0.5830,0.7582,-0.3002,1.002
1.528000,0.5827,0.7578,-0.2999,1.002
1.531000,0.5830,0.7578,-0.3004,1.002
1.532000,0.5835,0.7575,-0.3011,1.002
1.537000,0.5840,0.7573,-0.3021,1.003
1.539000,0.5842,0.7575,-0.3021,1.003
1.540000,0.5844,0.7578,-0.3021,1.004
1.540000,0.5844,0.7578,-0.3024,1.004
1.545000,0.5844,0.7578,-0.3019,1.003
1.545000,0.5842,0.7578,-0.3014,1.003
1.547000,0.5842,0.7580,-0.3014,1.003
1.547000,0.5840,0.7580,-0.3014,1.003
1.552000,0.5842,0.7575,-0.3011,1.003
1.553000,0.5844,0.7568,-0.3002,1.002
1.555000,0.5844,0.7568,-0.2997,1.002
1.556000,0.5837,0.7580,-0.2997,1.003
1.559000,0.5840,0.7590,-0.2997,1.003
1.560000,0.5849,0.7590,-0.2994,1.004
1.563000,0.5854,0.7587,-0.2992,1.004
1.563000,0.5859,0.7590,-0.2985,1.004
1.568000,0.5862,0.7592,-0.2982,1.004
1.570000,0.5854,0.7592,-0.2985,1.004
1.572000,0.5844,0.7595,-0.2987,1.004
1.572000,0.5842,0.7604,-0.2989,1.004
1.576000,0.5842,0.7614,-0.2997,1.005
1.577000,0.5835,0.7617,-0.3004,1.005
1.579000,0.5827,0.7614,-0.3009,1.005
1.580000,0.5825,0.7619,-0.3007,1.005
1.585000,0.5822,0.7626,-0.3007,1.006
1.586000,0.5825,0.7636,-0.3007,1.006
1.588000,0.5827,0.7639,-0.3011,1.007
1.588000,0.5832,0.7641,-0.3029,1.008
1.592000,0.5844,0.7641,-0.3046,1.009
1.593000,0.5852,0.7641,-0.3058,1.010
1.595000,0.5854,0.7639,-0.3070,1.010
1.596000,0.5859,0.7639,-0.3087,1.011
1.606000,0.5866,0.7636,-0.3104,1.012
1.607000,0.5881,0.7626,-0.3114,1.012
1.607000,0.5896,0.7622,-0.3117,1.013
1.607000,0.5906,0.7626,-0.3121,1.014
1.608000,0.5910,0.7644,-0.3129,1.016
1.608000,0.5910,0.7658,-0.3136,1.017
1.612000,0.5906,0.7663,-0.3139,1.017
1.613000,0.5903,0.7663,-0.3141,1.017
1.623000,0.5903,0.7670,-0.3136,1.017
1.624000,0.5898,0.7680,-0.3121,1.017
1.625000,0.5891,0.7685,-0.3109,1.017
1.625000,0.5898,0.7688,-0.3109,1.018
1.625000,0.5908,0.7688,-0.3104,1.018
1.625000,0.5903,0.7688,-0.3097,1.018
1.628000,0.5901,0.7692,-0.3090,1.018
1.628000,0.5906,0.7692,-0.3082,1.018
1.634000,0.5901,0.7697,-0.3073,1.017
1.636000,0.5888,0.7702,-0.3063,1.017
1.636000,0.5871,0.7705,-0.3055,1.016
1.637000,0.5862,0.7702,-0.3051,1.015
1.640000,0.5859,0.7700,-0.3048,1.014
1.641000,0.5852,0.7697,-0.3046,1.014
1.644000,0.5849,0.7695,-0.3033,1.013
1.644000,0.5854,0.7695,-0.3019,1.013
1.648000,0.5849,0.7697,-0.3014,1.013
1.650000,0.5844,0.7700,-0.3014,1.013
1.652000,0.5842,0.7702,-0.3009,1.012
1.652000,0.5840,0.7702,-0.3011,1.012
1.655000,0.5835,0.7702,-0.3011,1.012
1.656000,0.5825,0.7702,-0.3004,1.011
1.659000,0.5808,0.7700,-0.2999,1.010
1.659000,0.5791,0.7695,-0.2997,1.009
1.663000,0.5783,0.7695,-0.2992,1.008
1.663000,0.5788,0.7700,-0.2985,1.008
1.670000,0.5796,0.7707,-0.2975,1.009
1.670000,0.5803,0.7705,-0.2955,1.009
1.674000,0.5803,0.7700,-0.2938,1.008
1.674000,0.5800,0.7697,-0.2923,1.007
1.678000,0.5798,0.7697,-0.2914,1.007
1.678000,0.5793,0.7692,-0.2906,1.006
1.679000,0.5791,0.7690,-0.2901,1.005
1.680000,0.5788,0.7692,-0.2892,1.005
1.688000,0.5788,0.7695,-0.2879,1.005
1.689000,0.5783,0.7695,-0.2872,1.005
1.689000,0.5774,0.7700,-0.2867,1.004
1.689000,0.5771,0.7702,-0.2870,1.004
1.692000,0.5769,0.7697,-0.2867,1.004
1.692000,0.5764,0.7692,-0.2867,1.003
1.696000,0.5761,0.7695,-0.2872,1.003
1.696000,0.5761,0.7700,-0.2879,1.004
1.703000,0.5756,0.7697,-0.2877,1.003
1.704000,0.5754,0.7685,-0.2875,1.002
1.705000,0.5754,0.7680,-0.2872,1.002
1.705000,0.5759,0.7680,-0.2877,1.002
1.708000,0.5759,0.7680,-0.2884,1.002
1.708000,0.5754,0.7683,-0.2887,1.002
1.711000,0.5752,0.7688,-0.2887,1.003
1.712000,0.5754,0.7685,-0.2887,1.003
1.717000,0.5759,0.7680,-0.2884,1.002
1.718000,0.5764,0.7670,-0.2892,1.002
1.719000,0.5769,0.7663,-0.2909,1.002
1.719000,0.5776,0.7663,-0.2923,1.003
1.725000,0.5776,0.7663,-0.2926,1.003
1.725000,0.5778,0.7658,-0.2926,1.003
1.727000,0.5788,0.7656,-0.2926,1.003
1.728000,0.5798,0.7653,-0.2936,1.004
1.733000,0.5810,0.7651,-0.2943,1.005
1.734000,0.5818,0.7651,-0.2948,1.005
1.736000,0.5813,0.7651,-0.2955,1.005
1.736000,0.5803,0.7646,-0.2960,1.004
1.740000,0.5808,0.7644,-0.2967,1.005
1.740000,0.5822,0.7634,-0.2980,1.005
1.744000,0.5835,0.7626,-0.2989,1.006
1.744000,0.5842,0.7626,-0.3002,1.006
1.748000,0.5842,0.7622,-0.3014,1.006
1.749000,0.5844,0.7617,-0.3033,1.007
1.752000,0.5847,0.7607,-0.3063,1.007
1.754000,0.5849,0.7600,-0.3087,1.007
1.756000,0.5859,0.7600,-0.3107,1.009
1.756000,0.5876,0.7600,-0.3117,1.010
1.760000,0.5891,0.7597,-0.3117,1.011
1.761000,0.5898,0.7597,-0.3114,1.011
1.764000,0.5908,0.7597,-0.3121,1.012
1.765000,0.5913,0.7587,-0.3136,1.012
1.768000,0.5913,0.7578,-0.3141,1.011
1.770000,0.5910,0.7573,-0.3141,1.011
1.772000,0.5910,0.7568,-0.3153,1.011
1.772000,0.5913,0.7568,-0.3170,1.011
1.776000,0.5910,0.7568,-0.3180,1.012
1.777000,0.5913,0.7570,-0.3187,1.012
1.779000,0.5913,0.7563,-0.3190,1.012
1.779000,0.5918,0.7558,-0.3175,1.011
1.785000,0.5928,0.7560,-0.3158,1.011
1.786000,0.5925,0.7560,-0.3143,1.011
1.788000,0.5928,0.7563,-0.3136,1.011
1.788000,0.5937,0.7565,-0.3139,1.012
1.793000,0.5947,0.7563,-0.3136,1.012
1.794000,0.5947,0.7558,-0.3124,1.011
1.796000,0.5947,0.7551,-0.3121,1.011
1.797000,0.5945,0.7541,-0.3131,1.010
1.801000,0.5940,0.7538,-0.3146,1.010
1.803000,0.5940,0.7541,-0.3146,1.010
1.808000,0.5945,0.7538,-0.3139,1.010
1.809000,0.5947,0.7536,-0.3141,1.010
1.809000,0.5942,0.7536,-0.3143,1.010
1.810000,0.5940,0.7534,-0.3136,1.009
1.812000,0.5932,0.7531,-0.3131,1.009
1.813000,0.5930,0.7531,-0.3134,1.008
1.827000,0.5925,0.7536,-0.3141,1.009
1.828000,0.5920,0.7543,-0.3151,1.009
1.828000,0.5925,0.7546,-0.3148,1.010
1.829000,0.5930,0.7548,-0.3141,1.010
1.829000,0.5928,0.7551,-0.3136,1.010
1.829000,0.5928,0.7551,-0.3134,1.010
1.844000,0.5932,0.7546,-0.3131,1.010
1.844000,0.5942,0.7541,-0.3126,1.010
1.845000,0.5952,0.7538,-0.3124,1.010
1.845000,0.5954,0.7541,-0.3126,1.010
1.845000,0.5954,0.7541,-0.3134,1.011
1.845000,0.5950,0.7536,-0.3134,1.010
1.846000,0.5950,0.7531,-0.3134,1.010
1.846000,0.5954,0.7534,-0.3129,1.010
1.846000,0.5959,0.7531,-0.3124,1.010
1.846000,0.5959,0.7534,-0.3119,1.010
1.847000,0.5950,0.7534,-0.3109,1.009
1.848000,0.5942,0.7534,-0.3097,1.008
1.852000,0.5945,0.7531,-0.3085,1.008
1.852000,0.5952,0.7531,-0.3080,1.008
1.856000,0.5954,0.7538,-0.3075,1.009
1.857000,0.5952,0.7546,-0.3068,1.009
1.859000,0.5947,0.7551,-0.3065,1.009
1.860000,0.5940,0.7556,-0.3065,1.009
1.863000,0.5935,0.7563,-0.3063,1.009
1.863000,0.5935,0.7560,-0.3065,1.009
1.867000,0.5940,0.7556,-0.3058,1.009
1.868000,0.5937,0.7560,-0.3041,1.008
1.871000,0.5930,0.7563,-0.3038,1.008
1.872000,0.5928,0.7563,-0.3046,1.008
1.876000,0.5925,0.7558,-0.3053,1.008
1.876000,0.5920,0.7560,-0.3055,1.008
1.880000,0.5920,0.7563,-0.3053,1.008
1.881000,0.5918,0.7568,-0.3051,1.008
1.884000,0.5925,0.7575,-0.3058,1.009
1.885000,0.5928,0.7580,-0.3070,1.010
1.888000,0.5923,0.7580,-0.3073,1.010
1.888000,0.5918,0.7587,-0.3070,1.010
1.893000,0.5915,0.7585,-0.3077,1.010
1.893000,0.5918,0.7580,-0.3090,1.010
1.896000,0.5918,0.7582,-0.3097,1.010
1.897000,0.5923,0.7585,-0.3104,1.011
1.901000,0.5923,0.7585,-0.3104,1.011
1.902000,0.5920,0.7585,-0.3104,1.011
1.904000,0.5923,0.7595,-0.3104,1.012
1.904000,0.5925,0.7604,-0.3104,1.013
1.909000,0.5925,0.7609,-0.3112,1.013
1.909000,0.5928,0.7604,-0.3126,1.014
1.912000,0.5930,0.7602,-0.3139,1.014
1.912000,0.5923,0.7597,-0.3146,1.013
1.921000,0.5915,0.7595,-0.3153,1.013
1.922000,0.5918,0.7602,-0.3153,1.014
1.922000,0.5918,0.7617,-0.3146,1.015
1.923000,0.5908,0.7626,-0.3136,1.014
1.925000,0.5896,0.7629,-0.3117,1.013
1.925000,0.5881,0.7631,-0.3092,1.012
1.929000,0.5866,0.7636,-0.3082,1.011
1.929000,0.5854,0.7636,-0.3085,1.010
1.935000,0.5844,0.7634,-0.3085,1.010
1.936000,0.5842,0.7629,-0.3080,1.009
1.936000,0.5847,0.7626,-0.3073,1.009
1.936000,0.5849,0.7622,-0.3068,1.009
1.940000,0.5852,0.7622,-0.3063,1.009
1.940000,0.5854,0.7617,-0.3058,1.008
1.944000,0.5857,0.7602,-0.3046,1.007
1.944000,0.5864,0.7585,-0.3036,1.006
1.948000,0.5871,0.7578,-0.3041,1.006
1.948000,0.5871,0.7575,-0.3051,1.006
1.951000,0.5879,0.7575,-0.3055,1.006
1.952000,0.5888,0.7570,-0.3055,1.007
1.955000,0.5886,0.7568,-0.3051,1.006
1.956000,0.5869,0.7568,-0.3046,1.005
1.960000,0.5857,0.7560,-0.3043,1.004
1.960000,0.5859,0.7556,-0.3041,1.003
1.964000,0.5871,0.7553,-0.3041,1.004
1.964000,0.5881,0.7551,-0.3043,1.004
1.967000,0.5876,0.7548,-0.3046,1.004
1.967000,0.5871,0.7538,-0.3046,1.003
1.971000,0.5871,0.7538,-0.3051,1.003
1.971000,0.5871,0.7546,-0.3043,1.003
1.976000,0.5866,0.7551,-0.3029,1.003
1.976000,0.5864,0.7553,-0.3021,1.003
1.979000,0.5866,0.7563,-0.3021,1.004
1.979000,0.5871,0.7568,-0.3024,1.004
1.984000,0.5879,0.7573,-0.3026,1.005
1.985000,0.5881,0.7568,-0.3029,1.005
1.989000,0.5876,0.7565,-0.3026,1.005
1.989000,0.5871,0.7568,-0.3026,1.004
1.992000,0.5869,0.7573,-0.3033,1.005
1.993000,0.5869,0.7575,-0.3036,1.005
1.996000,0.5859,0.7575,-0.3036,1.005
1.996000,0.5852,0.7570,-0.3033,1.004
2.001000,0.5847,0.7575,-0.3036,1.004
2.001000,0.5837,0.7587,-0.3043,1.004
2.005000,0.5822,0.7595,-0.3053,1.004
2.006000,0.5800,0.7600,-0.3058,1.004
2.008000,0.5788,0.7609,-0.3063,1.004
2.009000,0.5788,0.7619,-0.3063,1.005
2.012000,0.5788,0.7634,-0.3060,1.006
2.013000,0.5783,0.7656,-0.3063,1.007
2.021000,0.5764,0.7678,-0.3080,1.008
2.022000,0.5749,0.7690,-0.3092,1.009
2.022000,0.5734,0.7702,-0.3097,1.009
2.022000,0.5734,0.7717,-0.3102,1.010
2.025000,0.5739,0.7724,-0.3104,1.011
2.025000,0.5739,0.7727,-0.3107,1.011
2.028000,0.5739,0.7732,-0.3112,1.012
2.030000,0.5739,0.7736,-0.3117,1.012
2.035000,0.5730,0.7739,-0.3124,1.012
2.035000,0.5703,0.7739,-0.3146,1.011
2.036000,0.5673,0.7754,-0.3173,1.012
2.037000,0.5642,0.7783,-0.3185,1.013
2.040000,0.5610,0.7815,-0.3178,1.013
2.040000,0.5593,0.7844,-0.3156,1.014
2.045000,0.5585,0.7859,-0.3124,1.013
2.045000,0.5580,0.7873,-0.3092,1.013
2.048000,0.5578,0.7883,-0.3065,1.013
2.049000,0.5578,0.7888,-0.3058,1.013
2.055000,0.5573,0.7895,-0.3073,1.014
2.056000,0.5558,0.7908,-0.3107,1.015
2.056000,0.5534,0.7922,-0.3143,1.016
2.057000,0.5500,0.7939,-0.3168,1.016
2.061000,0.5475,0.7952,-0.3180,1.016
2.061000,0.5466,0.7959,-0.3180,1.017
2.063000,0.5458,0.7954,-0.3161,1.015
2.064000,0.5441,0.7942,-0.3129,1.012
2.070000,0.5417,0.7934,-0.3117,1.010
2.071000,0.5395,0.7942,-0.3134,1.010
2.072000,0.5380,0.7954,-0.3165,1.011
2.072000,0.5382,0.7961,-0.3183,1.012
2.076000,0.5400,0.7956,-0.3180,1.013
2.076000,0.5409,0.7934,-0.3175,1.011
2.080000,0.5417,0.7903,-0.3161,1.009
2.080000,0.5441,0.7871,-0.3119,1.006
2.084000,0.5488,0.7851,-0.3060,1.006
2.085000,0.5549,0.7846,-0.3014,1.007
2.088000,0.5605,0.7839,-0.2997,1.009
2.089000,0.5646,0.7820,-0.2994,1.010
2.093000,0.5686,0.7800,-0.3002,1.011
2.094000,0.5725,0.7788,-0.3011,1.012
2.096000,0.5759,0.7776,-0.3014,1.013
2.096000,0.5774,0.7756,-0.3009,1.013
2.104000,0.5808,0.7732,-0.3014,1.013
2.105000,0.5862,0.7710,-0.3009,1.014
2.112000,0.5903,0.7690,-0.2977,1.014
2.113000,0.5940,0.7663,-0.2914,1.012
2.113000,0.5976,0.7636,-0.2843,1.011
2.114000,0.6013,0.7604,-0.2782,1.009
2.114000,0.6057,0.7578,-0.2735,1.008
2.114000,0.6106,0.7558,-0.2701,1.008
2.118000,0.6150,0.7543,-0.2672,1.009
2.119000,0.6165,0.7534,-0.2657,1.009
2.121000,0.6162,0.7524,-0.2652,1.008
2.121000,0.6172,0.7512,-0.2650,1.008
2.124000,0.6184,0.7504,-0.2652,1.008
2.125000,0.6199,0.7507,-0.2657,1.009
2.128000,0.6201,0.7514,-0.2667,1.010
2.128000,0.6182,0.7529,-0.2684,1.010
2.135000,0.6152,0.7546,-0.2703,1.010
2.135000,0.6121,0.7565,-0.2725,1.011
2.138000,0.6082,0.7585,-0.2750,1.010
2.138000,0.6040,0.7595,-0.2772,1.009
2.139000,0.6001,0.7604,-0.2791,1.008
2.140000,0.5962,0.7614,-0.2809,1.007
2.145000,0.5913,0.7617,-0.2828,1.005
2.146000,0.5852,0.7612,-0.2850,1.002
2.148000,0.5803,0.7612,-0.2867,0.999
2.151000,0.5781,0.7619,-0.2870,0.999
2.152000,0.5766,0.7629,-0.2867,0.998
2.152000,0.5759,0.7631,-0.2865,0.998
2.156000,0.5759,0.7639,-0.2862,0.999
2.157000,0.5766,0.7648,-0.2853,0.999
2.160000,0.5788,0.7656,-0.2828,1.001
2.161000,0.5818,0.7658,-0.2806,1.002
2.165000,0.5840,0.7653,-0.2796,1.002
2.165000,0.5849,0.7641,-0.2779,1.002
2.168000,0.5859,0.7622,-0.2767,1.000
2.169000,0.5869,0.7597,-0.2772,0.999
2.173000,0.5871,0.7587,-0.2782,0.999
2.173000,0.5859,0.7580,-0.2789,0.998
2.177000,0.5852,0.7575,-0.2794,0.997
2.177000,0.5847,0.7580,-0.2804,0.998
2.181000,0.5842,0.7592,-0.2821,0.999
2.181000,0.5842,0.7595,-0.2848,1.000
2.185000,0.5844,0.7585,-0.2870,1.000
2.186000,0.5847,0.7570,-0.2892,0.999
2.188000,0.5857,0.7551,-0.2916,0.999
2.188000,0.5879,0.7529,-0.2953,1.000
2.193000,0.5913,0.7509,-0.2997,1.002
2.194000,0.5947,0.7497,-0.3009,1.003
2.196000,0.5991,0.7487,-0.2945,1.003
2.196000,0.6038,0.7485,-0.2875,1.004
2.201000,0.6074,0.7497,-0.2879,1.007
2.202000,0.6084,0.7512,-0.2953,1.011
2.206000,0.6072,0.7504,-0.3031,1.012
2.206000,0.6047,0.7475,-0.3087,1.010
2.208000,0.6008,0.7446,-0.3134,1.007
2.208000,0.5964,0.7426,-0.3187,1.004
2.212000,0.5920,0.7424,-0.3263,1.004
2.212000,0.5898,0.7433,-0.3332,1.006
2.222000,0.5906,0.7443,-0.3356,1.008
2.224000,0.5942,0.7443,-0.3322,1.009
2.224000,0.5989,0.7438,-0.3268,1.009
2.225000,0.6040,0.7431,-0.3227,1.010
2.225000,0.6082,0.7426,-0.3229,1.013
2.225000,0.6101,0.7428,-0.3280,1.016
2.232000,0.6096,0.7426,-0.3351,1.018
2.234000,0.6074,0.7414,-0.3405,1.017
2.234000,0.6060,0.7392,-0.3415,1.015
2.235000,0.6062,0.7372,-0.3378,1.012
2.236000,0.6072,0.7362,-0.3351,1.011
2.237000,0.6099,0.7355,-0.3344,1.012
2.242000,0.6140,0.7338,-0.3310,1.012
2.243000,0.6184,0.7314,-0.3258,1.012
2.246000,0.6214,0.7294,-0.3241,1.012
2.247000,0.6231,0.7279,-0.3251,1.012
2.248000,0.6228,0.7274,-0.3268,1.012
2.248000,0.6209,0.7272,-0.3278,1.011
2.252000,0.6184,0.7265,-0.3263,1.008
2.254000,0.6170,0.7255,-0.3229,1.006
2.256000,0.6165,0.7245,-0.3214,1.004
2.256000,0.6160,0.7245,-0.3236,1.005
2.260000,0.6157,0.7230,-0.3249,1.004
2.261000,0.6162,0.7208,-0.3231,1.002
2.264000,0.6172,0.7196,-0.3205,1.001
2.265000,0.6177,0.7206,-0.3207,1.002
2.268000,0.6165,0.7221,-0.3241,1.003
2.270000,0.6143,0.7240,-0.3297,1.005
2.272000,0.6101,0.7262,-0.3346,1.006
2.273000,0.6064,0.7272,-0.3361,1.005
2.275000,0.6035,0.7277,-0.3368,1.004
2.276000,0.6011,0.7284,-0.3395,1.004
2.280000,0.5996,0.7294,-0.3444,1.005
2.281000,0.5986,0.7314,-0.3486,1.007
2.285000,0.5981,0.7331,-0.3495,1.009
2.286000,0.5979,0.7340,-0.3491,1.009
2.288000,0.5989,0.7350,-0.3505,1.011
2.289000,0.6008,0.7370,-0.3530,1.014
2.292000,0.6033,0.7389,-0.3520,1.017
2.292000,0.6057,0.7392,-0.3454,1.016
2.295000,0.6091,0.7377,-0.3385,1.015
2.296000,0.6126,0.7358,-0.3383,1.015
2.300000,0.6160,0.7350,-0.3425,1.018
2.301000,0.6182,0.7336,-0.3459,1.020
2.304000,0.6192,0.7309,-0.3478,1.019
2.304000,0.6194,0.7282,-0.3517,1.019
2.308000,0.6187,0.7265,-0.3576,1.019
2.309000,0.6189,0.7255,-0.3601,1.019
2.312000,0.6196,0.7260,-0.3618,1.021
2.312000,0.6204,0.7277,-0.3642,1.023
2.320000,0.6226,0.7287,-0.3618,1.024
2.321000,0.6265,0.7292,-0.3535,1.024
2.328000,0.6302,0.7304,-0.3476,1.025
2.329000,0.6328,0.7323,-0.3478,1.028
2.329000,0.6350,0.7333,-0.3473,1.030
2.329000,0.6363,0.7326,-0.3395,1.028
2.330000,0.6358,0.7309,-0.3285,1.023
2.330000,0.6355,0.7294,-0.3180,1.018
2.334000,0.6363,0.7282,-0.3102,1.016
2.335000,0.6368,0.7277,-0.3073,1.015
2.337000,0.6360,0.7274,-0.3075,1.014
2.337000,0.6346,0.7267,-0.3073,1.013
2.340000,0.6328,0.7252,-0.3065,1.010
2.341000,0.6311,0.7235,-0.3053,1.007
2.345000,0.6297,0.7221,-0.3036,1.005
2.345000,0.6294,0.7208,-0.3021,1.004
2.348000,0.6289,0.7189,-0.2985,1.001
2.348000,0.6282,0.7167,-0.2945,0.998
2.352000,0.6270,0.7150,-0.2921,0.995
2.353000,0.6258,0.7138,-0.2889,0.992
2.356000,0.6262,0.7130,-0.2875,0.992
2.357000,0.6289,0.7128,-0.2904,0.994
2.360000,0.6324,0.7123,-0.2953,0.997
2.360000,0.6346,0.7113,-0.2975,0.999
2.364000,0.6336,0.7101,-0.2960,0.997
2.364000,0.6306,0.7079,-0.2906,0.992
2.368000,0.6287,0.7064,-0.2857,0.988
2.369000,0.6287,0.7067,-0.2875,0.989
2.372000,0.6304,0.7072,-0.2958,0.992
2.372000,0.6314,0.7072,-0.3033,0.995
2.377000,0.6306,0.7069,-0.3048,0.995
2.377000,0.6284,0.7062,-0.3024,0.993
2.379000,0.6265,0.7062,-0.3055,0.992
2.379000,0.6253,0.7064,-0.3126,0.994
2.385000,0.6243,0.7067,-0.3205,0.996
2.386000,0.6233,0.7074,-0.3273,0.998
2.389000,0.6226,0.7084,-0.3317,1.000
2.389000,0.6221,0.7096,-0.3339,1.001
2.392000,0.6214,0.7111,-0.3346,1.002
2.392000,0.6206,0.7130,-0.3344,1.003
2.396000,0.6199,0.7150,-0.3361,1.004
2.396000,0.6194,0.7169,-0.3388,1.006
2.403000,0.6187,0.7182,-0.3400,1.007
2.404000,0.6187,0.7184,-0.3407,1.007
2.406000,0.6199,0.7201,-0.3437,1.010
2.407000,0.6221,0.7218,-0.3456,1.014
2.408000,0.6228,0.7228,-0.3442,1.014
2.408000,0.6233,0.7233,-0.3427,1.014
2.412000,0.6250,0.7238,-0.3444,1.016
2.412000,0.6265,0.7240,-0.3454,1.018
2.417000,0.6265,0.7243,-0.3429,1.017
2.418000,0.6272,0.7245,-0.3422,1.018
2.420000,0.6287,0.7252,-0.3439,1.020
2.420000,0.6277,0.7248,-0.3422,1.018
2.424000,0.6265,0.7243,-0.3395,1.016
2.425000,0.6272,0.7235,-0.3398,1.016
2.428000,0.6292,0.7226,-0.3390,1.016
2.428000,0.6328,0.7213,-0.3373,1.017
2.433000,0.6377,0.7206,-0.3363,1.019
2.434000,0.6416,0.7196,-0.3351,1.021
2.436000,0.6431,0.7182,-0.3302,1.019
2.436000,0.6441,0.7167,-0.3273,1.018
2.440000,0.6468,0.7164,-0.3341,1.021
2.441000,0.6509,0.7160,-0.3398,1.026
2.444000,0.6563,0.7138,-0.3332,1.025
2.444000,0.6600,0.7101,-0.3183,1.020
2.450000,0.6673,0.7062,-0.3048,1.018
2.450000,0.6793,0.7023,-0.2977,1.021
2.452000,0.6888,0.6993,-0.2963,1.025
2.452000,0.6918,0.6964,-0.2997,1.026
2.456000,0.6932,0.6905,-0.3085,1.026
2.456000,0.7018,0.6749,-0.3263,1.027
2.459000,0.7106,0.6553,-0.3486,1.028
2.460000,0.7101,0.6478,-0.3613,1.027
2.468000,0.7062,0.6522,-0.3623,1.027
2.469000,0.7001,0.6617,-0.3561,1.027
2.469000,0.6852,0.6732,-0.3427,1.020
2.469000,0.6639,0.6854,-0.3222,1.007
2.472000,0.6451,0.6979,-0.2977,0.996
2.472000,0.6294,0.7096,-0.2750,0.988
2.475000,0.6143,0.7199,-0.2567,0.981
2.476000,0.6001,0.7292,-0.2454,0.976
2.480000,0.5864,0.7380,-0.2417,0.973
2.481000,0.5717,0.7450,-0.2469,0.971
2.486000,0.5612,0.7497,-0.2596,0.972
2.487000,0.5551,0.7509,-0.2779,0.974
2.488000,0.5502,0.7492,-0.2970,0.976
2.488000,0.5473,0.7460,-0.3107,0.976
2.492000,0.5468,0.7426,-0.3161,0.975
2.493000,0.5468,0.7399,-0.3151,0.972
2.497000,0.5532,0.7392,-0.3097,0.974
2.497000,0.5659,0.7392,-0.3019,0.979
2.507000,0.5774,0.7409,-0.2938,0.984
2.508000,0.5869,0.7438,-0.2862,0.990
2.508000,0.5972,0.7458,-0.2813,0.996
2.509000,0.6057,0.7463,-0.2799,1.001
2.509000,0.6084,0.7468,-0.2811,1.003
2.509000,0.6104,0.7468,-0.2828,1.005
2.513000,0.6130,0.7446,-0.2850,1.006
2.514000,0.6130,0.7424,-0.2897,1.005
2.527000,0.6135,0.7416,-0.2943,1.006
2.528000,0.6155,0.7421,-0.2936,1.008
2.528000,0.6150,0.7433,-0.2906,1.008
2.528000,0.6138,0.7460,-0.2897,1.009
2.529000,0.6126,0.7492,-0.2911,1.011
2.529000,0.6096,0.7519,-0.2967,1.012
2.529000,0.6042,0.7546,-0.3060,1.014
2.529000,0.6008,0.7570,-0.3151,1.017
2.537000,0.6011,0.7587,-0.3227,1.020
2.538000,0.6008,0.7602,-0.3293,1.023
2.539000,0.5994,0.7624,-0.3346,1.026
2.539000,0.5984,0.7653,-0.3403,1.029
2.540000,0.5976,0.7683,-0.3473,1.033
2.540000,0.5954,0.7705,-0.3549,1.036
2.545000,0.5925,0.7722,-0.3620,1.038
2.546000,0.5888,0.7734,-0.3698,1.040
2.551000,0.5854,0.7746,-0.3772,1.042
2.553000,0.5798,0.7754,-0.3840,1.042
2.554000,0.5717,0.7776,-0.3901,1.041
2.554000,0.5651,0.7802,-0.3948,1.041
2.556000,0.5600,0.7829,-0.3979,1.042
2.556000,0.5563,0.7854,-0.4006,1.043
2.560000,0.5563,0.7871,-0.4033,1.045
2.561000,0.5644,0.7864,-0.4019,1.048
2.567000,0.5803,0.7820,-0.3953,1.051
2.568000,0.5981,0.7756,-0.3879,1.053
2.569000,0.6091,0.7697,-0.3808,1.053
2.569000,0.6111,0.7644,-0.3730,1.047
2.571000,0.6084,0.7597,-0.3642,1.039
2.572000,0.6067,0.7551,-0.3561,1.032
2.576000,0.6084,0.7492,-0.3491,1.026
2.577000,0.6121,0.7428,-0.3417,1.021
2.579000,0.6148,0.7375,-0.3334,1.016
2.579000,0.6152,0.7328,-0.3253,1.011
2.585000,0.6143,0.7296,-0.3180,1.005
2.586000,0.6138,0.7279,-0.3117,1.002
2.589000,0.6138,0.7267,-0.3070,1.000
2.590000,0.6143,0.7257,-0.3024,0.998
2.593000,0.6150,0.7255,-0.2975,0.997
2.593000,0.6138,0.7260,-0.2945,0.995
2.596000,0.6113,0.7272,-0.2936,0.994
2.596000,0.6084,0.7287,-0.2938,0.994
2.603000,0.6052,0.7306,-0.2945,0.993
2.604000,0.6023,0.7326,-0.2965,0.994
2.612000,0.5991,0.7343,-0.2999,0.994
2.612000,0.5964,0.7360,-0.3036,0.995
2.613000,0.5947,0.7377,-0.3073,0.996
2.613000,0.5937,0.7387,-0.3109,0.997
2.613000,0.5925,0.7389,-0.3139,0.998
2.614000,0.5918,0.7382,-0.3165,0.998
2.618000,0.5915,0.7375,-0.3200,0.998
2.619000,0.5918,0.7367,-0.3227,0.999
2.621000,0.5925,0.7362,-0.3241,0.999
2.621000,0.5935,0.7360,-0.3244,1.000
2.625000,0.5945,0.7365,-0.3258,1.001
2.625000,0.5952,0.7365,-0.3283,1.002
2.629000,0.5959,0.7353,-0.3310,1.003
2.629000,0.5972,0.7336,-0.3324,1.003
2.634000,0.5989,0.7316,-0.3324,1.002
2.635000,0.6008,0.7301,-0.3319,1.002
2.636000,0.6018,0.7287,-0.3307,1.001
2.637000,0.6018,0.7277,-0.3288,1.000
2.641000,0.6008,0.7270,-0.3268,0.998
2.641000,0.5996,0.7260,-0.3258,0.996
2.644000,0.5981,0.7262,-0.3251,0.995
2.645000,0.5967,0.7282,-0.3249,0.996
2.650000,0.5947,0.7311,-0.3253,0.997
2.651000,0.5942,0.7343,-0.3271,1.000
2.653000,0.5945,0.7372,-0.3290,1.003
2.653000,0.5947,0.7397,-0.3300,1.005
2.657000,0.5952,0.7421,-0.3300,1.007
2.657000,0.5962,0.7441,-0.3310,1.009
2.659000,0.5976,0.7446,-0.3322,1.011
2.661000,0.5996,0.7436,-0.3344,1.012
2.666000,0.6016,0.7426,-0.3361,1.013
2.667000,0.6030,0.7421,-0.3363,1.014
2.668000,0.6038,0.7424,-0.3359,1.014
2.669000,0.6025,0.7421,-0.3368,1.014
2.672000,0.6006,0.7416,-0.3405,1.013
2.673000,0.5991,0.7421,-0.3447,1.014
2.675000,0.5989,0.7428,-0.3466,1.015
2.676000,0.5989,0.7443,-0.3454,1.016
2.679000,0.5984,0.7465,-0.3429,1.016
2.680000,0.5984,0.7494,-0.3405,1.018
2.684000,0.5976,0.7521,-0.3398,1.019
2.685000,0.5959,0.7534,-0.3417,1.020
2.689000,0.5947,0.7534,-0.3432,1.019
2.689000,0.5947,0.7536,-0.3417,1.019
2.692000,0.5954,0.7546,-0.3388,1.019
2.692000,0.5957,0.7560,-0.3368,1.020
2.696000,0.5954,0.7578,-0.3368,1.021
2.696000,0.5954,0.7582,-0.3376,1.021
2.703000,0.5957,0.7582,-0.3381,1.022
2.705000,0.5959,0.7578,-0.3390,1.022
2.705000,0.5959,0.7578,-0.3405,1.022
2.705000,0.5967,0.7582,-0.3420,1.024
2.709000,0.5981,0.7585,-0.3422,1.025
2.710000,0.5996,0.7582,-0.3420,1.025
2.713000,0.6008,0.7568,-0.3417,1.025
2.714000,0.6020,0.7553,-0.3405,1.024
2.718000,0.6033,0.7548,-0.3395,1.024
2.719000,0.6040,0.7543,-0.3398,1.024
2.720000,0.6038,0.7536,-0.3403,1.024
2.721000,0.6030,0.7536,-0.3400,1.023
2.725000,0.6025,0.7536,-0.3393,1.023
2.726000,0.6020,0.7536,-0.3381,1.022
2.728000,0.6016,0.7531,-0.3371,1.021
2.728000,0.6008,0.7521,-0.3359,1.020
2.734000,0.5991,0.7512,-0.3349,1.018
2.735000,0.5974,0.7509,-0.3346,1.016
2.736000,0.5969,0.7504,-0.3349,1.016
2.737000,0.5967,0.7497,-0.3349,1.015
2.741000,0.5964,0.7497,-0.3346,1.015
2.741000,0.5954,0.7494,-0.3334,1.014
2.746000,0.5942,0.7487,-0.3329,1.012
2.746000,0.5930,0.7485,-0.3334,1.011
2.751000,0.5923,0.7487,-0.3341,1.011
2.752000,0.5913,0.7485,-0.3346,1.011
2.753000,0.5906,0.7480,-0.3351,1.010
2.753000,0.5896,0.7477,-0.3356,1.010
2.756000,0.5884,0.7468,-0.3356,1.008
2.756000,0.5874,0.7453,-0.3359,1.007
2.760000,0.5871,0.7450,-0.3371,1.007
2.761000,0.5869,0.7458,-0.3381,1.007
2.764000,0.5874,0.7468,-0.3373,1.008
2.767000,0.5874,0.7468,-0.3368,1.008
2.769000,0.5854,0.7450,-0.3395,1.007
2.769000,0.5835,0.7428,-0.3434,1.005
2.773000,0.5820,0.7411,-0.3447,1.003
2.774000,0.5813,0.7402,-0.3432,1.002
2.776000,0.5810,0.7389,-0.3417,1.000
2.776000,0.5813,0.7384,-0.3412,1.000
2.779000,0.5818,0.7384,-0.3417,1.000
2.779000,0.5813,0.7389,-0.3427,1.001
2.784000,0.5800,0.7389,-0.3427,1.000
2.785000,0.5791,0.7394,-0.3422,1.000
2.788000,0.5788,0.7397,-0.3410,0.999
2.789000,0.5781,0.7389,-0.3383,0.997
2.792000,0.5766,0.7380,-0.3341,0.994
2.793000,0.5749,0.7380,-0.3290,0.992
2.796000,0.5732,0.7389,-0.3231,0.989
2.796000,0.5710,0.7397,-0.3170,0.987
2.804000,0.5678,0.7402,-0.3134,0.984
2.806000,0.5656,0.7406,-0.3114,0.983
2.807000,0.5649,0.7411,-0.3097,0.982
2.807000,0.5664,0.7414,-0.3077,0.982
2.810000,0.5690,0.7414,-0.3048,0.983
2.811000,0.5715,0.7424,-0.3031,0.985
2.812000,0.5734,0.7431,-0.3038,0.987
2.813000,0.5759,0.7428,-0.3063,0.989
2.818000,0.5776,0.7431,-0.3082,0.990
2.820000,0.5788,0.7441,-0.3090,0.992
2.821000,0.5813,0.7450,-0.3099,0.994
2.821000,0.5840,0.7465,-0.3114,0.998
2.825000,0.5864,0.7482,-0.3131,1.001
2.826000,0.5881,0.7490,-0.3161,1.003
2.827000,0.5893,0.7497,-0.3195,1.006
2.828000,0.5903,0.7504,-0.3234,1.008
2.833000,0.5920,0.7514,-0.3278,1.011
2.834000,0.5942,0.7521,-0.3322,1.014
2.836000,0.5959,0.7521,-0.3368,1.017
2.836000,0.5976,0.7521,-0.3415,1.020
2.842000,0.5996,0.7521,-0.3454,1.022
2.842000,0.6020,0.7524,-0.3478,1.024
2.845000,0.6038,0.7524,-0.3495,1.026
2.845000,0.6047,0.7521,-0.3515,1.027
2.851000,0.6055,0.7526,-0.3527,1.028
2.852000,0.6057,0.7524,-0.3527,1.028
2.852000,0.6055,0.7524,-0.3522,1.028
2.852000,0.6047,0.7524,-0.3520,1.027
2.856000,0.6038,0.7516,-0.3515,1.026
2.856000,0.6040,0.7504,-0.3505,1.025
2.860000,0.6050,0.7497,-0.3498,1.025
2.861000,0.6055,0.7499,-0.3495,1.025
2.867000,0.6055,0.7502,-0.3495,1.025
2.868000,0.6057,0.7494,-0.3495,1.025
2.869000,0.6064,0.7485,-0.3491,1.025
2.869000,0.6069,0.7470,-0.3483,1.024
2.872000,0.6067,0.7455,-0.3476,1.022
2.873000,0.6060,0.7446,-0.3481,1.021
2.876000,0.6057,0.7438,-0.3486,1.021
2.877000,0.6062,0.7424,-0.3483,1.020
2.879000,0.6062,0.7404,-0.3476,1.018
2.880000,0.6057,0.7394,-0.3469,1.017
2.885000,0.6052,0.7389,-0.3461,1.016
2.886000,0.6047,0.7382,-0.3444,1.015
2.889000,0.6047,0.7367,-0.3422,1.013
2.889000,0.6040,0.7353,-0.3398,1.010
2.893000,0.6023,0.7345,-0.3376,1.008
2.893000,0.6008,0.7345,-0.3354,1.006
2.896000,0.5998,0.7350,-0.3329,1.005
2.902000,0.5994,0.7355,-0.3310,1.005
2.911000,0.5984,0.7353,-0.3285,1.003
2.911000,0.5974,0.7350,-0.3258,1.002
2.911000,0.5976,0.7353,-0.3241,1.001
2.912000,0.5981,0.7360,-0.3231,1.002
2.912000,0.5986,0.7372,-0.3224,1.003
2.912000,0.5989,0.7380,-0.3222,1.004
2.913000,0.5994,0.7380,-0.3217,1.004
2.913000,0.6003,0.7372,-0.3207,1.003
2.916000,0.6011,0.7372,-0.3202,1.004
2.917000,0.6013,0.7377,-0.3200,1.004
2.920000,0.6013,0.7384,-0.3197,1.005
2.920000,0.6013,0.7387,-0.3192,1.005
2.926000,0.6016,0.7397,-0.3185,1.005
2.926000,0.6013,0.7409,-0.3163,1.005
2.927000,0.6008,0.7416,-0.3139,1.005
2.929000,0.5994,0.7426,-0.3114,1.004
2.933000,0.5974,0.7438,-0.3090,1.003
2.934000,0.5959,0.7453,-0.3065,1.002
2.936000,0.5959,0.7468,-0.3038,1.003
2.936000,0.5967,0.7482,-0.3021,1.004
2.941000,0.5979,0.7490,-0.3009,1.004
2.941000,0.5989,0.7499,-0.3002,1.006
2.944000,0.5996,0.7509,-0.2992,1.006
2.944000,0.6003,0.7519,-0.2982,1.007
2.950000,0.6016,0.7524,-0.2987,1.009
2.951000,0.6035,0.7526,-0.3011,1.011
2.954000,0.6062,0.7526,-0.3036,1.013
2.955000,0.6086,0.7519,-0.3051,1.014
2.956000,0.6101,0.7504,-0.3053,1.014
2.957000,0.6116,0.7492,-0.3048,1.014
2.961000,0.6123,0.7492,-0.3046,1.014
2.962000,0.6121,0.7497,-0.3046,1.015
2.967000,0.6106,0.7502,-0.3038,1.014
2.968000,0.6089,0.7507,-0.3026,1.013
2.971000,0.6084,0.7504,-0.3014,1.012
2.972000,0.6079,0.7502,-0.3014,1.012
2.973000,0.6072,0.7497,-0.3014,1.011
2.973000,0.6060,0.7492,-0.3004,1.009
2.977000,0.6055,0.7485,-0.2982,1.008
2.979000,0.6062,0.7485,-0.2960,1.008
2.983000,0.6069,0.7492,-0.2938,1.008
2.983000,0.6067,0.7494,-0.2923,1.008
2.984000,0.6060,0.7490,-0.2914,1.006
2.985000,0.6050,0.7477,-0.2909,1.005
2.989000,0.6047,0.7468,-0.2904,1.004
2.989000,0.6045,0.7463,-0.2906,1.003
2.992000,0.6050,0.7468,-0.2911,1.004
2.992000,0.6057,0.7468,-0.2914,1.005
2.996000,0.6069,0.7465,-0.2911,1.005
2.996000,0.6106,0.7458,-0.2870,1.006
3.000000,0.6187,0.7426,-0.2782,1.006
3.001000,0.6238,0.7372,-0.2789,1.005
3.005000,0.6221,0.7350,-0.2877,1.005
3.005000,0.6184,0.7355,-0.2919,1.004
3.008000,0.6148,0.7362,-0.2921,1.003
3.009000,0.6121,0.7350,-0.2921,1.000
3.012000,0.6118,0.7328,-0.2921,0.998
3.012000,0.6128,0.7311,-0.2928,0.998
3.020000,0.6130,0.7311,-0.2938,0.998
3.021000,0.6130,0.7314,-0.2950,0.999
3.021000,0.6126,0.7318,-0.2963,0.999
3.021000,0.6123,0.7326,-0.2963,1.000
3.025000,0.6123,0.7333,-0.2950,1.000
3.026000,0.6126,0.7326,-0.2941,0.999
3.028000,0.6130,0.7326,-0.2928,0.999
3.029000,0.6148,0.7331,-0.2911,1.000
3.035000,0.6152,0.7338,-0.2919,1.001
3.035000,0.6138,0.7358,-0.2963,1.003
3.036000,0.6121,0.7382,-0.3009,1.005
3.036000,0.6099,0.7397,-0.3033,1.006
3.041000,0.6074,0.7404,-0.3058,1.005
3.041000,0.6050,0.7406,-0.3104,1.005
3.044000,0.6033,0.7419,-0.3156,1.007
3.044000,0.6042,0.7436,-0.3173,1.009
3.049000,0.6074,0.7443,-0.3173,1.012
3.050000,0.6084,0.7438,-0.3209,1.013
3.053000,0.6055,0.7436,-0.3293,1.014
3.054000,0.6008,0.7438,-0.3395,1.015
3.057000,0.5976,0.7436,-0.3461,1.015
3.057000,0.5974,0.7426,-0.3471,1.014
3.060000,0.5979,0.7402,-0.3483,1.013
3.061000,0.5974,0.7380,-0.3520,1.013
3.064000,0.5967,0.7375,-0.3554,1.013
3.068000,0.5959,0.7382,-0.3586,1.014
3.069000,0.5954,0.7394,-0.3623,1.016
3.069000,0.5947,0.7411,-0.3654,1.018
3.073000,0.5954,0.7433,-0.3645,1.020
3.073000,0.5962,0.7436,-0.3623,1.020
3.077000,0.5972,0.7426,-0.3625,1.020
3.077000,0.5986,0.7426,-0.3623,1.020
3.080000,0.6003,0.7426,-0.3610,1.021
3.080000,0.6008,0.7421,-0.3613,1.021
3.085000,0.6001,0.7421,-0.3610,1.020
3.086000,0.6013,0.7424,-0.3576,1.020
3.089000,0.6052,0.7411,-0.3547,1.020
3.089000,0.6089,0.7397,-0.3554,1.022
3.094000,0.6121,0.7404,-0.3549,1.024
3.094000,0.6140,0.7421,-0.3505,1.025
3.096000,0.6143,0.7426,-0.3442,1.023
3.096000,0.6135,0.7416,-0.3366,1.020
3.103000,0.6126,0.7399,-0.3283,1.015
3.111000,0.6126,0.7399,-0.3200,1.012
3.111000,0.6133,0.7409,-0.3146,1.012
3.112000,0.6140,0.7411,-0.3102,1.011
3.112000,0.6145,0.7404,-0.3038,1.009
3.112000,0.6145,0.7387,-0.2994,1.006
3.113000,0.6150,0.7370,-0.2975,1.005
3.113000,0.6160,0.7355,-0.2977,1.005
3.117000,0.6155,0.7348,-0.3016,1.005
3.118000,0.6135,0.7353,-0.3055,1.005
3.120000,0.6121,0.7358,-0.3053,1.005
3.120000,0.6113,0.7355,-0.3036,1.003
3.124000,0.6116,0.7350,-0.3036,1.003
3.125000,0.6113,0.7355,-0.3041,1.004
3.129000,0.6096,0.7358,-0.3048,1.003
3.129000,0.6072,0.7360,-0.3058,1.002
3.133000,0.6060,0.7362,-0.3043,1.001
3.134000,0.6047,0.7358,-0.3033,1.000
3.136000,0.6030,0.7350,-0.3055,0.999
3.137000,0.6006,0.7367,-0.3080,0.999
3.141000,0.5974,0.7404,-0.3055,0.999
3.141000,0.5935,0.7421,-0.3036,0.998
3.144000,0.5898,0.7411,-0.3073,0.996
3.144000,0.5866,0.7409,-0.3143,0.996
3.150000,0.5832,0.7419,-0.3253,0.998
3.151000,0.5822,0.7433,-0.3757,1.016
3.153000,0.5813,0.7470,-0.4913,1.066
3.154000,0.5720,0.7524,-0.6025,1.121
3.158000,0.5551,0.7585,-0.6380,1.136
3.158000,0.5422,0.7617,-0.5928,1.107
3.160000,0.5409,0.7607,-0.5121,1.065
3.160000,0.5475,0.7570,-0.4473,1.036
3.166000,0.5546,0.7548,-0.4192,1.026
3.167000,0.5556,0.7560,-0.4180,1.027
3.169000,0.5490,0.7607,-0.4236,1.029
3.169000,0.5390,0.7658,-0.4217,1.027
3.172000,0.5321,0.7678,-0.4072,1.019
3.173000,0.5329,0.7648,-0.3850,1.009
3.176000,0.5407,0.7580,-0.3615,0.999
3.177000,0.5524,0.7502,-0.3417,0.992
3.179000,0.5646,0.7436,-0.3271,0.989
3.180000,0.5754,0.7399,-0.3146,0.989
3.184000,0.5832,0.7382,-0.3009,0.988
3.184000,0.5874,0.7372,-0.2857,0.985
3.188000,0.5891,0.7360,-0.2718,0.981
3.189000,0.5898,0.7355,-0.2603,0.978
3.192000,0.5898,0.7360,-0.2513,0.976
3.193000,0.5888,0.7375,-0.2444,0.975
3.196000,0.5866,0.7387,-0.2383,0.973
3.196000,0.5830,0.7404,-0.2320,0.970
3.202000,0.5793,0.7433,-0.2259,0.969
3.203000,0.5769,0.7465,-0.2205,0.969
3.205000,0.5766,0.7492,-0.2161,0.970
3.205000,0.5796,0.7516,-0.2129,0.973
3.210000,0.5852,0.7538,-0.2109,0.977
3.210000,0.5910,0.7563,-0.2100,0.983
3.213000,0.5952,0.7587,-0.2107,0.987
3.213000,0.5976,0.7604,-0.2122,0.990
3.216000,0.5996,0.7617,-0.2146,0.993
3.217000,0.6011,0.7619,-0.2183,0.995
3.220000,0.6008,0.7624,-0.2241,0.996
3.220000,0.5984,0.7634,-0.2312,0.997
3.225000,0.5947,0.7636,-0.2373,0.997
3.225000,0.5908,0.7636,-0.2430,0.996
3.228000,0.5876,0.7646,-0.2481,0.996
3.229000,0.5857,0.7661,-0.2527,0.997
3.233000,0.5844,0.7675,-0.2571,0.998
3.233000,0.5847,0.7683,-0.2633,1.001
3.236000,0.5862,0.7688,-0.2708,1.004
3.237000,0.5886,0.7700,-0.2787,1.008
3.241000,0.5906,0.7714,-0.2862,1.013
3.241000,0.5920,0.7710,-0.2923,1.015
3.244000,0.5925,0.7692,-0.2970,1.015
3.244000,0.5937,0.7678,-0.3002,1.016
3.248000,0.5967,0.7675,-0.3038,1.019
3.249000,0.5994,0.7683,-0.3104,1.023
3.253000,0.6011,0.7695,-0.3205,1.028
3.253000,0.6023,0.7705,-0.3310,1.032
3.256000,0.6013,0.7705,-0.3405,1.035
3.257000,0.5996,0.7695,-0.3488,1.036
3.260000,0.5994,0.7680,-0.3559,1.037
3.260000,0.6016,0.7658,-0.3623,1.039
3.266000,0.6055,0.7636,-0.3676,1.042
3.266000,0.6113,0.7617,-0.3715,1.045
3.268000,0.6231,0.7609,-0.3723,1.052
3.269000,0.6387,0.7617,-0.3689,1.060
3.273000,0.6456,0.7582,-0.3715,1.063
3.274000,0.6414,0.7497,-0.3884,1.060
3.277000,0.6348,0.7411,-0.4075,1.057
3.277000,0.6309,0.7355,-0.4165,1.055
3.282000,0.6299,0.7321,-0.4155,1.051
3.282000,0.6311,0.7296,-0.4087,1.048
