time,ax (m/s^2),ay (m/s^2),az (m/s^2),aT (m/s^2)
0.005000,0.2086,-0.1573,-1.6569,1.677
0.005000,0.2361,-0.1657,-1.5106,1.538
0.006000,0.3129,-0.1598,-1.4059,1.449
0.006000,0.2487,-0.0107,-1.3158,1.339
0.013000,0.2956,0.0261,-1.1275,1.166
0.013000,0.3823,0.0119,-0.9616,1.035
0.017000,0.5066,-0.0675,-0.6985,0.866
0.024000,0.6680,-0.1095,-0.4075,0.790
0.026000,0.8180,-0.2052,-0.0838,0.848
0.032000,0.7889,-0.2064,0.2079,0.842
0.036000,0.6472,-0.1662,0.5155,0.844
0.046000,0.4761,-0.1471,0.7771,0.923
0.047000,0.2103,-0.0519,1.0073,1.030
0.050000,0.0051,-0.0864,1.0796,1.083
0.056000,-0.3381,0.1230,1.3085,1.357
0.063000,-0.7194,0.2700,1.5169,1.700
0.065000,-1.0202,0.3227,1.5614,1.893
0.071000,-1.2531,0.3260,1.5451,2.016
0.079000,-1.4878,0.3653,1.4514,2.110
0.080000,-1.6200,0.3541,1.3329,2.128
0.086000,-1.6308,0.2588,1.1560,2.016
0.094000,-1.5827,0.2060,1.0642,1.918
0.094000,-1.5163,0.1715,1.0931,1.877
0.101000,-1.4247,0.1724,1.2493,1.903
0.108000,-1.3398,0.2002,1.3562,1.917
0.109000,-1.2692,0.2168,1.4134,1.912
0.114000,-1.1961,0.2124,1.5069,1.936
0.120000,-1.0580,0.0989,1.4050,1.762
0.123000,-0.8470,0.0054,1.2517,1.511
0.128000,-0.5880,-0.0727,1.1335,1.279
0.133000,-0.3948,-0.1590,1.1703,1.245
0.139000,-0.2095,-0.2366,1.2593,1.298
0.144000,-0.0291,-0.3245,1.3216,1.361
0.148000,0.1178,-0.3889,1.3380,1.398
0.155000,0.2530,-0.4367,1.2989,1.393
0.158000,0.3700,-0.5252,1.2403,1.397
0.164000,0.4093,-0.5511,1.1122,1.307
0.168000,0.4219,-0.5646,0.9385,1.174
0.183000,0.3917,-0.5536,0.7674,1.024
0.184000,0.3501,-0.5393,0.6657,0.925
0.184000,0.2275,-0.4594,0.6236,0.807
0.188000,0.1096,-0.3811,0.5427,0.672
0.193000,-0.0115,-0.3043,0.3798,0.487
0.197000,-0.1029,-0.2674,0.1682,0.332
0.201000,-0.1911,-0.2103,-0.0039,0.284
0.208000,-0.2505,-0.1691,-0.0795,0.313
0.212000,-0.2940,-0.1508,-0.1115,0.349
0.216000,-0.2768,-0.1867,-0.0957,0.347
0.222000,-0.2454,-0.1905,-0.0181,0.311
0.226000,-0.2314,-0.2219,0.0442,0.324
0.230000,-0.1992,-0.2116,0.0793,0.301
0.237000,-0.1442,-0.1762,0.0536,0.234
0.240000,-0.0780,-0.1610,-0.0065,0.179
0.245000,0.0238,-0.1159,-0.0383,0.124
0.250000,0.1403,-0.0980,-0.1924,0.257
0.254000,0.2607,-0.0926,-0.2936,0.403
0.260000,0.3331,-0.0973,-0.3395,0.485
0.264000,0.3866,-0.1240,-0.3298,0.523
0.282000,0.4549,-0.1510,-0.3794,0.611
0.283000,0.4448,-0.1688,-0.3878,0.614
0.283000,0.4305,-0.1869,-0.3884,0.609
0.284000,0.3499,-0.1647,-0.4459,0.590
0.290000,0.2704,-0.1811,-0.5360,0.627
0.294000,0.1991,-0.1835,-0.6899,0.741
0.299000,0.1821,-0.1789,-0.8332,0.871
0.310000,0.2030,-0.1935,-0.9322,0.974
0.311000,0.2690,-0.2078,-0.9586,1.017
0.314000,0.3083,-0.2337,-0.9651,1.040
0.319000,0.3373,-0.2497,-0.9423,1.032
0.324000,0.3387,-0.2701,-0.9240,1.021
0.327000,0.3576,-0.2613,-0.8697,0.976
0.332000,0.3433,-0.2234,-0.8204,0.917
0.339000,0.3171,-0.2019,-0.7810,0.867
0.342000,0.3074,-0.1535,-0.7827,0.855
0.347000,0.3310,-0.1214,-0.7751,0.851
0.355000,0.3448,-0.1126,-0.7847,0.864
0.358000,0.3777,-0.0960,-0.8376,0.924
0.362000,0.3917,-0.1121,-0.8072,0.904
0.367000,0.4490,-0.1060,-0.7817,0.908
0.378000,0.4707,-0.1280,-0.7327,0.880
0.379000,0.4730,-0.1086,-0.6914,0.845
0.383000,0.4273,-0.1100,-0.7032,0.830
0.397000,0.3595,-0.0939,-0.6010,0.707
0.398000,0.2908,-0.0557,-0.5260,0.604
0.398000,0.2399,-0.0168,-0.4592,0.518
0.401000,0.2039,0.0082,-0.4510,0.495
0.409000,0.2191,0.0338,-0.5011,0.548
0.411000,0.2234,0.0504,-0.5926,0.635
0.415000,0.2629,0.0509,-0.5174,0.583
0.421000,0.3086,0.0376,-0.5193,0.605
0.425000,0.3588,0.0201,-0.5073,0.622
0.430000,0.4327,0.0009,-0.4598,0.631
0.434000,0.4735,-0.0344,-0.5106,0.697
0.440000,0.5223,-0.0593,-0.5158,0.737
0.444000,0.4914,-0.0570,-0.4756,0.686
0.449000,0.4621,-0.0609,-0.4710,0.663
0.460000,0.4062,-0.0542,-0.3754,0.556
0.461000,0.3522,-0.0515,-0.3321,0.487
0.466000,0.2951,-0.0479,-0.1956,0.357
0.478000,0.2584,-0.0651,-0.1595,0.311
0.479000,0.1894,-0.0554,-0.1926,0.276
0.479000,0.1528,-0.0810,-0.1681,0.241
0.483000,0.0932,-0.0942,-0.1412,0.194
0.489000,0.0273,-0.0808,-0.1403,0.164
0.493000,0.0097,-0.0721,-0.0295,0.078
0.498000,-0.0272,-0.0658,-0.0024,0.071
0.503000,-0.0429,-0.0691,0.0484,0.095
0.507000,-0.0114,-0.0273,0.1206,0.124
0.512000,-0.0116,-0.0097,0.1114,0.112
0.516000,0.0187,-0.0068,0.1643,0.166
0.522000,0.0364,0.0004,0.1096,0.116
0.527000,0.0539,0.0168,0.1794,0.188
0.531000,0.0927,-0.0007,0.1418,0.169
0.537000,0.1050,0.0077,0.1761,0.205
0.541000,0.1482,-0.0228,0.2010,0.251
0.547000,0.1626,-0.0228,0.1402,0.216
0.552000,0.2104,-0.0233,0.1586,0.264
0.556000,0.2131,-0.0316,0.0580,0.223
0.561000,0.2691,-0.0259,0.0919,0.286
0.566000,0.2756,-0.0470,0.0474,0.284
0.580000,0.2593,-0.0542,0.0609,0.272
0.581000,0.2273,-0.0473,0.1419,0.272
0.581000,0.2201,-0.0311,0.1898,0.292
0.604000,0.1704,-0.0106,0.2022,0.265
0.606000,0.1114,-0.0213,0.2148,0.243
0.606000,0.0431,-0.0206,0.1990,0.205
0.606000,-0.0255,-0.0298,0.1713,0.176
0.607000,-0.0583,-0.0442,0.0984,0.123
0.610000,-0.0627,-0.0375,0.0688,0.100
0.617000,-0.0840,-0.0600,0.0609,0.120
0.621000,-0.0748,-0.0687,0.0794,0.129
0.625000,-0.0877,-0.0851,0.0931,0.154
0.629000,-0.1087,-0.1261,0.1307,0.212
0.634000,-0.1091,-0.1366,0.1634,0.239
0.639000,-0.1156,-0.1527,0.1960,0.274
0.643000,-0.1042,-0.1433,0.2094,0.274
0.648000,-0.0823,-0.1442,0.2132,0.270
0.655000,-0.0592,-0.1390,0.2098,0.259
0.658000,-0.0442,-0.1084,0.1397,0.182
0.663000,-0.0706,-0.0979,0.0962,0.154
0.667000,-0.0899,-0.0717,0.0532,0.127
0.672000,-0.0901,-0.0632,0.0084,0.110
0.678000,-0.0688,-0.0342,0.0024,0.077
0.682000,-0.0666,-0.0539,0.0280,0.090
0.693000,-0.0380,-0.0742,0.0158,0.085
0.694000,0.0051,-0.1071,-0.0223,0.110
0.698000,0.0503,-0.1347,-0.0667,0.158
0.702000,0.0765,-0.1669,-0.0844,0.202
0.713000,0.0815,-0.1632,-0.0971,0.207
0.714000,0.0462,-0.1713,-0.0931,0.200
0.717000,0.0067,-0.1931,-0.1271,0.231
0.727000,-0.0420,-0.2002,-0.1896,0.279
0.728000,-0.0261,-0.2351,-0.2327,0.332
0.731000,-0.0148,-0.2856,-0.2711,0.394
0.739000,-0.0650,-0.3253,-0.2430,0.411
0.740000,-0.1340,-0.4138,-0.1659,0.465
0.746000,-0.2651,-0.5124,-0.0949,0.585
0.750000,-0.4110,-0.6260,-0.0328,0.750
0.755000,-0.5442,-0.7049,-0.0080,0.891
0.760000,-0.6388,-0.7212,0.0104,0.963
0.764000,-0.6626,-0.7656,0.0657,1.015
0.772000,-0.7544,-0.7857,0.0740,1.092
0.774000,-0.7969,-0.8197,0.1575,1.154
0.779000,-0.8690,-0.8439,0.1752,1.224
0.783000,-0.9396,-0.8963,0.1868,1.312
0.793000,-1.0036,-0.9004,0.2450,1.370
0.794000,-1.0442,-0.8970,0.2807,1.405
0.800000,-1.0590,-0.9029,0.3202,1.428
0.810000,-1.0433,-0.9397,0.4066,1.462
0.811000,-1.0083,-1.0216,0.4231,1.496
0.817000,-0.9850,-1.1033,0.4486,1.546
0.820000,-0.9303,-1.1967,0.4117,1.571
0.824000,-0.8892,-1.3043,0.3627,1.620
0.828000,-0.8710,-1.3949,0.3280,1.677
0.834000,-0.9022,-1.5188,0.3506,1.801
0.838000,-0.9954,-1.5803,0.3848,1.907
0.843000,-1.0577,-1.5964,0.3352,1.944
0.847000,-1.0681,-1.6175,0.2399,1.953
0.852000,-1.0961,-1.6580,0.1471,1.993
0.857000,-1.0593,-1.7131,0.0377,2.015
0.862000,-0.9912,-1.7825,-0.0785,2.041
0.867000,-0.8696,-1.8114,-0.2371,2.023
0.872000,-0.7488,-1.7442,-0.4216,1.944
0.876000,-0.6382,-1.5357,-0.6008,1.768
0.881000,-0.5332,-1.2979,-0.7126,1.574
0.888000,-0.5125,-1.0618,-0.7551,1.400
0.890000,-0.6120,-0.8509,-0.8310,1.338
0.896000,-0.6786,-0.6961,-0.8331,1.280
0.901000,-0.7229,-0.6114,-0.7711,1.221
0.912000,-0.7127,-0.5559,-0.9700,1.326
0.913000,-0.6020,-0.4962,-0.9825,1.255
0.930000,-0.4500,-0.4274,-0.8040,1.016
0.931000,-0.3163,-0.3666,-0.7380,0.883
0.934000,-0.2552,-0.2926,-0.8105,0.899
0.934000,-0.1893,-0.2939,-0.3352,0.484
0.935000,-0.0667,-0.3137,0.2068,0.382
0.942000,-0.0388,-0.2904,0.3546,0.460
0.944000,0.1150,-0.2698,0.4816,0.564
0.949000,0.3022,-0.2141,0.4733,0.601
0.957000,0.5218,-0.2026,0.5979,0.819
0.959000,0.6944,-0.1426,0.6809,0.983
0.964000,0.7370,-0.0822,0.7440,1.050
0.969000,0.8182,-0.0027,1.0191,1.307
0.974000,0.9542,0.0430,1.3769,1.676
0.979000,1.0963,0.0303,1.7890,2.098
0.983000,1.1211,0.0356,2.0400,2.328
0.991000,1.1656,0.0772,2.3312,2.608
0.993000,0.9583,0.0404,2.1225,2.329
0.997000,0.5449,0.1042,1.7372,1.824
1.002000,0.1647,0.2276,1.4289,1.456
1.007000,-0.0391,0.3272,1.3074,1.348
1.012000,-0.0557,0.3503,1.3487,1.395
1.017000,0.0373,0.3014,1.4213,1.453
1.022000,0.1407,0.1976,1.2407,1.264
1.027000,0.3864,0.0510,1.1419,1.207
1.031000,0.5068,0.1695,1.2493,1.359
1.038000,0.5303,0.3543,1.2499,1.403
1.041000,0.4811,0.4974,1.1512,1.343
1.046000,0.4340,0.6182,1.0778,1.316
1.051000,0.4729,0.6996,0.9318,1.258
1.056000,0.7683,0.9393,0.4452,1.293
1.061000,1.1585,1.2380,-0.0789,1.697
1.065000,1.3955,1.4404,-0.3669,2.039
1.072000,1.5740,1.5416,-0.6977,2.311
1.075000,1.6501,1.5940,-0.9243,2.473
1.080000,1.6537,1.5488,-0.9355,2.451
1.084000,1.5807,1.5002,-0.9595,2.381
1.090000,1.5307,1.4462,-0.9631,2.316
1.095000,1.4363,1.4034,-0.9919,2.240
1.100000,1.3338,1.3640,-0.9092,2.113
1.113000,1.1806,1.3219,-0.6834,1.900
1.114000,0.9897,1.3283,-0.4834,1.726
1.114000,0.4517,1.6712,-0.4400,1.786
1.120000,-0.0805,2.0646,-0.5020,2.126
1.129000,-0.4700,2.3335,-0.4467,2.422
1.130000,-0.4799,2.2698,-0.4819,2.369
1.134000,-0.3990,2.2848,-0.5837,2.392
1.142000,-0.2751,2.1946,-0.6969,2.319
1.145000,-0.0674,1.9443,-0.6880,2.063
1.153000,-0.0221,1.7327,-0.6623,1.855
1.154000,-0.0517,1.4211,-0.6772,1.575
1.158000,-0.1871,1.1562,-0.8143,1.427
1.164000,-0.2731,0.9259,-0.8849,1.310
1.167000,-0.2792,0.6371,-1.0062,1.223
1.172000,-0.3464,0.4360,-1.0494,1.188
1.177000,-0.4561,0.2175,-1.1054,1.215
1.182000,-0.6063,0.0797,-1.1838,1.332
1.189000,-0.8282,-0.0324,-1.2896,1.533
1.192000,-1.0260,-0.0828,-1.1981,1.580
1.197000,-1.1664,-0.1365,-1.1652,1.654
1.201000,-1.2862,-0.1691,-1.1050,1.704
1.207000,-1.3286,-0.1354,-1.0102,1.675
1.212000,-1.3478,-0.0470,-0.8476,1.593
1.216000,-1.5029,-0.1098,-0.9683,1.791
1.229000,-1.6934,-0.1914,-0.9591,1.956
1.231000,-1.8650,-0.2463,-0.8728,2.074
1.231000,-1.8510,-0.2931,-0.9127,2.084
1.247000,-1.7571,-0.2791,-1.0287,2.055
1.248000,-1.5139,-0.1971,-1.2565,1.977
1.249000,-1.1827,-0.1381,-1.3259,1.782
1.250000,-0.8873,-0.0998,-1.3993,1.660
1.263000,-0.6529,-0.1156,-1.2976,1.457
1.264000,-0.4662,-0.1621,-1.1975,1.295
1.265000,-0.3410,-0.2201,-1.0488,1.125
1.270000,-0.3416,-0.1966,-0.8298,0.919
1.276000,-0.6262,-0.0800,-0.7339,0.968
1.279000,-0.9200,0.0242,-0.7915,1.214
1.284000,-1.0860,0.0132,-1.0290,1.496
1.289000,-1.0904,0.0520,-1.0922,1.544
1.294000,-0.9808,0.0164,-1.1105,1.482
1.299000,-0.8070,-0.0293,-1.0888,1.356
1.303000,-0.6226,-0.1203,-1.0296,1.209
1.309000,-0.4359,-0.2522,-0.9113,1.041
1.313000,-0.2118,-0.3577,-0.7580,0.865
1.317000,-0.0772,-0.4537,-0.6867,0.827
1.327000,0.0347,-0.5710,-0.5394,0.786
1.334000,0.1461,-0.6213,-0.6009,0.877
1.335000,0.3463,-0.6214,-0.5386,0.892
1.341000,0.4355,-0.9258,-0.1926,1.041
1.343000,0.8941,-1.3558,0.4155,1.676
1.348000,1.5977,-1.1125,-0.3824,1.984
1.351000,1.9147,-1.0628,-0.1640,2.196
1.357000,2.2607,-1.2190,0.6997,2.662
1.362000,2.4981,-1.2141,1.0808,2.980
1.367000,2.6780,-1.2014,1.2719,3.199
1.372000,2.5510,-1.0730,1.1300,2.989
1.376000,2.4823,-0.8956,0.8918,2.786
1.381000,2.3785,-0.7905,0.7315,2.611
1.386000,1.9840,-0.6950,0.1800,2.110
1.391000,1.9594,-0.6435,0.0686,2.063
1.395000,2.0027,-0.5904,0.0475,2.088
1.401000,2.0707,-0.5669,-0.0002,2.147
1.406000,2.1773,-0.4535,0.0163,2.224
1.410000,2.0495,-0.3035,-0.1176,2.075
1.415000,1.9859,-0.2125,-0.1410,2.002
1.422000,1.9570,-0.1398,-0.2116,1.973
1.425000,1.7972,0.0580,-0.3648,1.835
1.430000,1.5346,0.1255,-0.5745,1.643
1.438000,1.0467,0.2551,-0.9987,1.469
1.440000,0.8064,0.2308,-1.2459,1.502
1.445000,0.4739,0.2378,-1.4388,1.533
1.449000,0.2766,0.1618,-1.4177,1.453
1.465000,0.0462,0.1467,-1.3644,1.373
1.466000,-0.1554,0.0989,-1.2976,1.311
1.467000,-0.6942,0.2291,-1.5498,1.714
1.469000,-0.7956,0.2701,-1.4610,1.685
1.487000,-0.9597,0.3652,-1.5048,1.822
1.489000,-1.1140,0.4018,-1.5855,1.979
1.490000,-1.1769,0.4278,-1.6241,2.051
1.493000,-1.0500,0.2997,-1.5396,1.888
1.494000,-1.0367,0.3593,-1.5494,1.899
1.498000,-1.0668,0.3933,-1.5699,1.938
1.506000,-0.9512,0.3064,-1.5892,1.877
1.507000,-0.8492,0.2866,-1.6406,1.869
1.513000,-0.8277,0.2719,-1.6093,1.830
1.517000,-0.7127,0.2192,-1.5622,1.731
1.524000,-0.6862,0.1548,-1.6184,1.765
1.527000,-0.6715,0.1243,-1.6752,1.809
1.531000,-0.5350,-0.0155,-1.7229,1.804
1.539000,-0.3983,-0.1066,-1.7905,1.837
1.541000,-0.3565,-0.1657,-1.9019,1.942
1.546000,-0.4232,-0.2617,-2.1720,2.228
1.551000,-0.3584,-0.3679,-2.3144,2.371
1.560000,-0.2712,-0.4211,-2.4352,2.486
1.561000,-0.0240,-0.5279,-2.3166,2.376
1.565000,0.1066,-0.5904,-2.2842,2.362
1.576000,0.2720,-0.6689,-2.2494,2.362
1.577000,0.4511,-0.8065,-2.2193,2.404
1.581000,0.6111,-0.8746,-2.2179,2.461
1.585000,0.7859,-0.9667,-2.2688,2.588
1.590000,0.9468,-1.0013,-2.3720,2.743
1.595000,1.0604,-1.1073,-2.6445,3.057
1.600000,1.3205,-1.1522,-2.6008,3.136
1.604000,1.7842,-1.1304,-2.2582,3.092
1.609000,2.3095,-1.0304,-1.7208,3.059
1.614000,2.7823,-0.9509,-1.2420,3.192
1.620000,3.2041,-0.9077,-0.8169,3.429
1.625000,3.5957,-0.8639,-0.2544,3.707
1.629000,3.8327,-0.9283,0.1727,3.947
1.633000,4.0630,-1.0131,0.7274,4.250
1.648000,4.3640,-1.0929,1.3164,4.687
1.649000,4.4871,-1.0704,1.9858,5.022
1.650000,4.3572,-0.9062,2.7890,5.252
1.671000,4.1138,-0.6772,3.4209,5.393
1.673000,3.8618,-0.3491,4.0916,5.637
1.674000,3.6528,0.0134,4.5770,5.856
1.675000,3.4278,0.3814,4.7421,5.864
1.675000,3.2125,0.6807,4.6997,5.733
1.678000,3.0645,0.9235,4.4692,5.497
1.685000,2.9756,1.0548,3.9262,5.038
1.689000,2.8980,1.0539,3.3096,4.524
1.693000,2.9274,0.9071,2.6141,4.028
1.700000,3.0298,0.6682,2.2721,3.846
1.701000,3.1986,0.4577,2.5577,4.121
1.708000,3.4303,0.2189,3.1471,4.660
1.712000,3.6849,-0.0524,3.4328,5.036
1.716000,3.8096,-0.2720,3.6152,5.259
1.722000,3.7128,-0.3493,3.7729,5.305
1.726000,3.5340,-0.4973,3.9746,5.342
1.731000,3.3462,-0.6997,3.9356,5.213
1.735000,3.0535,-0.9186,3.6918,4.878
1.742000,2.7142,-1.1952,3.3557,4.478
1.745000,2.3799,-1.4844,3.0063,4.112
1.750000,2.1427,-1.8250,2.8228,3.986
1.762000,2.0296,-2.1767,2.8338,4.109
1.763000,1.9875,-2.5416,3.0916,4.468
1.769000,2.1270,-2.8532,3.3760,4.905
1.770000,2.1455,-2.9230,3.6609,5.153
1.781000,1.8650,-2.6155,4.0563,5.174
1.782000,1.4487,-2.0562,4.6961,5.327
1.784000,1.0081,-1.5163,5.3055,5.609
1.792000,0.6515,-1.0849,5.7605,5.898
1.796000,0.3606,-0.8059,5.8348,5.901
1.802000,0.1352,-0.6866,5.8781,5.920
1.804000,-0.0197,-0.8852,4.8155,4.896
1.809000,0.3140,-1.4342,1.2859,1.952
1.814000,0.8725,-1.9253,0.8306,2.271
1.818000,1.2682,-2.1903,1.6461,3.019
1.824000,1.6402,-2.1822,1.2864,3.018
1.835000,2.2365,-1.8953,0.8807,3.061
1.838000,2.7181,-1.5148,1.1363,3.313
1.839000,2.6573,-1.0317,1.2684,3.120
1.843000,2.2674,-0.5853,1.1100,2.591
1.851000,1.9546,-0.2621,1.1945,2.306
1.857000,1.8837,-0.1199,1.6007,2.475
1.859000,1.8146,-0.3344,1.6856,2.499
1.862000,1.7487,-0.8674,1.3249,2.359
1.867000,1.7368,-1.4340,1.0903,2.502
1.880000,1.4728,-1.9189,1.2178,2.708
1.882000,0.8764,-2.2935,1.5277,2.892
1.883000,-0.0495,-2.4436,1.9357,3.118
1.902000,-1.2918,-2.5326,2.2864,3.648
1.904000,-2.3076,-2.7356,1.9704,4.085
1.904000,-3.2448,-2.9877,2.0111,4.848
1.905000,-3.9778,-3.3343,2.0282,5.573
1.906000,-4.4514,-3.7549,1.9864,6.153
1.917000,-4.7286,-4.1888,1.6586,6.531
1.919000,-4.9834,-4.5413,0.9048,6.803
1.920000,-5.2023,-4.7020,-0.0541,7.012
1.930000,-5.3310,-4.6920,-1.0625,7.181
1.932000,-5.3787,-4.5274,-2.0751,7.330
1.935000,-5.3159,-4.1836,-3.0924,7.438
1.942000,-5.1230,-3.7365,-4.3546,7.692
1.945000,-4.7507,-3.2946,-5.8006,8.190
1.950000,-4.1815,-2.9351,-6.4905,8.260
1.954000,-3.5209,-2.7477,-6.1610,7.610
1.959000,-2.8532,-2.6773,-5.3536,6.631
1.965000,-2.1543,-2.7654,-4.6067,5.789
1.969000,-1.7741,-2.8968,-4.2382,5.432
1.974000,-2.3275,-2.5482,-3.9820,5.269
1.979000,-3.2155,-1.5895,-2.2770,4.249
1.983000,-4.2278,-0.5407,-0.6015,4.304
1.990000,-5.7982,0.6134,0.7967,5.885
1.993000,-7.5457,1.1788,2.3039,7.977
1.998000,-7.0494,-1.3117,4.0584,8.239
2.002000,-6.4754,-3.3446,5.2295,8.970
2.008000,-7.2669,-3.1000,5.8748,9.845
2.012000,-8.0119,-2.4364,6.5900,10.656
2.017000,-7.8892,-2.6314,6.9785,10.857
2.026000,-7.5671,-3.0106,7.1083,10.810
2.027000,-7.7370,-2.9561,6.8766,10.765
2.033000,-7.9348,-2.7127,6.3357,10.510
2.038000,-7.5999,-2.5365,5.1173,9.507
2.054000,-6.6155,-2.5996,3.5393,7.940
2.057000,-5.1442,-2.6486,2.0676,6.144
2.057000,-3.4179,-2.5567,0.8130,4.345
2.058000,-1.5506,-2.3345,-0.1346,2.806
2.069000,0.2689,-1.8643,-0.8808,2.079
2.070000,1.9213,-1.2005,-1.3979,2.662
2.071000,3.7218,-0.9399,-2.1365,4.393
2.081000,5.0220,-0.4978,-2.7270,5.736
2.082000,5.8524,0.0690,-3.3667,6.752
2.094000,6.0602,1.1190,-3.6160,7.145
2.095000,6.5514,1.3845,-3.7646,7.682
2.095000,6.7539,1.3082,-4.2499,8.086
2.100000,6.5322,1.4117,-4.8042,8.231
2.105000,6.0168,1.7467,-5.9005,8.606
2.110000,5.3640,2.2072,-7.1390,9.198
2.115000,4.8962,2.4615,-8.3464,9.985
2.120000,4.6245,2.4467,-9.3433,10.708
2.127000,4.4683,2.3174,-10.1034,11.288
2.129000,4.3753,2.1367,-10.6500,11.710
2.134000,4.4845,1.9197,-11.0254,12.056
2.147000,4.7146,1.6404,-11.1562,12.222
2.148000,4.8679,1.3421,-11.0191,12.121
2.149000,4.8490,1.0720,-10.6474,11.749
2.154000,4.5246,0.8175,-10.0188,11.023
2.159000,3.9310,0.5063,-9.1706,9.990
2.163000,3.2358,0.1991,-8.0241,8.654
2.169000,2.4784,-0.1911,-6.8528,7.290
2.176000,1.8546,-0.7894,-5.7170,6.062
2.177000,1.2994,-1.5149,-4.3501,4.786
2.182000,0.5021,-2.0668,-2.6678,3.412
2.187000,-0.7044,-2.4653,-0.8101,2.689
2.192000,-2.0595,-2.7700,1.2057,3.656
2.198000,-3.3744,-3.0983,3.2648,5.625
2.208000,-4.5679,-3.4321,5.1571,7.697
2.213000,-5.6158,-3.6763,6.7728,9.535
2.214000,-6.6845,-3.7210,7.9606,11.041
2.216000,-7.9091,-3.4137,8.8492,12.350
2.226000,-9.0963,-3.1529,9.4753,13.508
2.227000,-10.1265,-2.9920,9.6987,14.337
2.231000,-10.9277,-2.9696,9.6322,14.866
2.237000,-11.4829,-3.0947,9.2400,15.060
2.243000,-11.8492,-3.2562,8.5219,14.954
2.246000,-12.1096,-3.2993,7.5341,14.639
2.251000,-12.2801,-3.2959,6.3256,14.201
2.258000,-12.0775,-3.3206,5.0724,13.514
2.260000,-11.4019,-3.3657,3.9633,12.532
2.265000,-10.2935,-3.3766,3.0664,11.259
2.271000,-8.8565,-3.2469,2.3993,9.733
2.274000,-7.1900,-3.0449,1.9441,8.047
2.280000,-5.1803,-2.7558,1.5952,6.081
2.285000,-2.9484,-2.3841,1.2826,4.003
2.292000,-0.7299,-1.8961,1.2018,2.361
2.296000,1.3800,-1.3016,1.1973,2.243
2.299000,3.3096,-0.6345,1.1449,3.559
2.307000,5.0467,0.1120,1.0449,5.155
2.309000,6.5720,0.8510,0.6928,6.663
2.315000,7.8375,1.5516,0.1960,7.992
2.319000,8.8632,2.1585,-0.5000,9.136
2.328000,9.7174,2.6934,-1.3117,10.169
2.329000,10.3681,3.1683,-2.1053,11.044
2.333000,10.7136,3.5908,-3.1444,11.729
2.342000,10.7459,3.9019,-4.2195,12.186
2.343000,10.5763,4.0931,-5.2438,12.494
2.347000,10.3322,4.1393,-6.1256,12.705
2.352000,10.0572,4.1659,-6.7902,12.830
2.357000,9.7998,4.2257,-7.1717,12.858
2.362000,9.6226,4.0610,-7.2523,12.715
2.366000,9.6303,3.6146,-7.3214,12.626
2.372000,9.6983,3.1139,-7.4102,12.596
2.376000,9.6889,2.6473,-7.4903,12.529
2.381000,9.4216,2.2193,-7.5234,12.259
2.385000,8.8976,1.7894,-7.4091,11.716
2.391000,8.1792,1.2882,-7.2500,11.006
2.396000,7.2253,0.7209,-7.0531,10.123
2.401000,6.0519,0.0949,-6.7583,9.072
2.409000,4.6555,-0.4576,-6.3274,7.869
2.411000,3.1927,-1.0154,-5.7906,6.690
2.415000,1.7120,-1.5279,-5.1597,5.647
2.427000,0.2210,-2.0979,-4.3673,4.850
2.428000,-1.1704,-2.6968,-3.2934,4.415
2.430000,-2.4578,-3.2412,-1.9039,4.491
2.436000,-3.6630,-3.7108,-0.3198,5.224
2.442000,-4.8464,-4.1118,1.3193,6.491
2.444000,-6.0649,-4.3629,2.9700,8.040
2.450000,-7.3772,-4.4022,4.5580,9.725
2.454000,-8.6879,-4.2897,5.8891,11.339
2.459000,-9.8453,-4.0957,6.9328,12.719
2.464000,-10.7944,-3.9296,7.6115,13.780
2.468000,-11.4689,-3.8833,7.8999,14.458
2.475000,-11.9718,-3.8520,7.8655,14.833
2.478000,-12.2852,-3.7976,7.5991,14.936
2.501000,-12.3153,-3.7699,7.1223,14.718
2.502000,-12.1115,-3.8395,6.3790,14.217
2.503000,-11.6849,-3.9260,5.5549,13.521
2.503000,-11.1156,-4.0276,4.7563,12.744
2.507000,-10.4430,-4.0377,4.0607,11.910
2.509000,-9.6949,-3.9649,3.5244,11.051
2.513000,-8.8740,-3.8414,3.1702,10.176
2.517000,-8.0111,-3.6981,2.8828,9.282
2.530000,-7.1463,-3.4698,2.6021,8.359
2.532000,-6.3264,-3.1494,2.3040,7.433
2.532000,-5.5439,-2.8203,2.0168,6.539
2.550000,-4.7246,-2.4699,1.7569,5.613
2.552000,-3.8926,-2.0906,1.5381,4.679
2.553000,-2.9884,-1.6872,1.4247,3.716
2.553000,-1.9692,-1.2238,1.3833,2.700
2.573000,-0.7594,-0.7820,1.3639,1.746
2.574000,0.6891,-0.3117,1.3761,1.570
2.574000,2.3445,0.1386,1.3609,2.714
2.575000,4.0345,0.5996,1.3119,4.285
2.575000,5.7929,0.9870,1.1362,5.985
2.580000,7.4672,1.3653,0.8394,7.637
2.586000,8.9437,1.7484,0.3979,9.122
2.590000,10.1857,2.0885,-0.2334,10.400
2.595000,11.0637,2.3783,-1.0522,11.365
2.600000,11.5439,2.6805,-1.9226,12.006
2.614000,11.5370,3.0937,-2.8837,12.288
2.616000,11.1026,3.6073,-3.6964,12.245
2.616000,10.6862,3.5959,-4.6153,12.183
2.619000,10.3455,3.2571,-5.5463,12.182
2.629000,10.0334,2.8984,-6.3213,12.208
2.630000,9.6578,2.6640,-7.0188,12.233
2.634000,9.1703,2.4924,-7.5472,12.135
2.643000,8.5696,2.3791,-7.8694,11.875
2.644000,7.9182,2.1692,-8.0031,11.465
2.648000,7.2541,1.8248,-7.9225,10.896
2.653000,6.5980,1.3417,-7.6901,10.221
2.659000,5.8847,0.8301,-7.2723,9.392
2.664000,5.0554,0.3566,-6.7423,8.435
2.668000,4.1258,-0.0525,-6.0946,7.360
2.676000,3.1805,-0.4289,-5.3473,6.236
2.678000,2.2156,-0.8302,-4.4968,5.081
2.682000,1.2579,-1.2282,-3.5277,3.942
2.687000,0.2742,-1.6355,-2.4554,2.963
2.692000,-0.6994,-1.9884,-1.3838,2.521
2.697000,-1.6886,-2.2831,-0.3306,2.859
2.702000,-2.6473,-2.5612,0.6768,3.745
2.708000,-3.5429,-2.8164,1.5744,4.792
2.711000,-4.3851,-3.0649,2.3453,5.842
2.717000,-5.1836,-3.2454,3.0284,6.825
2.725000,-5.9491,-3.3254,3.6291,7.721
2.727000,-6.7396,-3.2580,4.1838,8.576
2.730000,-7.4382,-3.1543,4.5902,9.292
2.737000,-8.0312,-3.0602,4.8249,9.856
2.741000,-8.4635,-3.0215,4.8857,10.229
2.745000,-8.7396,-3.0216,4.8204,10.428
2.751000,-8.8924,-2.9816,4.8274,10.548
2.760000,-9.0076,-2.8846,4.8871,10.646
2.763000,-9.0969,-2.7326,4.9392,10.706
2.765000,-9.1118,-2.6097,4.9362,10.687
2.771000,-8.9368,-2.5322,4.8468,10.477
2.775000,-8.6065,-2.4883,4.7189,10.126
2.780000,-8.2293,-2.3753,4.6461,9.744
2.785000,-7.7783,-2.2099,4.5111,9.259
2.792000,-7.2413,-2.0278,4.2706,8.648
2.794000,-6.5845,-1.8145,3.9990,7.915
2.799000,-5.8176,-1.6268,3.6670,7.067
2.804000,-4.9338,-1.4307,3.3007,6.106
2.809000,-3.8886,-1.1850,2.9236,5.007
2.814000,-2.6610,-0.8335,2.4964,3.743
2.819000,-1.2470,-0.4359,2.0094,2.405
2.825000,0.3415,0.0251,1.6084,1.644
2.828000,2.0337,0.4011,1.2571,2.424
2.834000,3.6838,0.7690,0.9651,3.885
2.842000,5.2490,1.1721,0.5886,5.410
2.843000,6.6768,1.5775,0.1058,6.861
2.848000,8.0208,1.9518,-0.5335,8.272
2.852000,9.1148,2.2331,-1.0952,9.448
2.857000,10.1176,2.4671,-1.4769,10.518
2.862000,10.8326,2.7284,-1.8181,11.318
2.869000,11.2374,2.9426,-2.3125,11.844
2.877000,11.3392,3.0333,-2.7932,12.066
2.879000,11.1234,3.0079,-3.2917,11.984
2.891000,10.4823,3.0770,-3.9354,11.612
2.893000,9.7046,3.0330,-4.5529,11.140
2.893000,8.9396,2.9054,-5.1934,10.739
2.896000,8.1854,2.6615,-5.8077,10.383
2.902000,7.4547,2.3957,-6.3421,10.076
2.908000,6.7667,2.0584,-6.6758,9.726
2.911000,6.1525,1.6432,-6.8454,9.349
2.915000,5.5201,1.1483,-6.8323,8.858
2.926000,4.8329,0.6053,-6.6341,8.230
2.927000,4.0414,0.1481,-6.3417,7.521
2.930000,3.1346,-0.2375,-5.8874,6.674
2.936000,2.1822,-0.6162,-5.3114,5.775
2.949000,1.2802,-1.0433,-4.6366,4.922
2.950000,0.4340,-1.5096,-3.8909,4.196
2.950000,-0.4109,-1.9701,-2.9587,3.578
2.965000,-1.2875,-2.3585,-1.9802,3.338
2.966000,-2.2207,-2.6922,-0.9523,3.618
2.966000,-3.2131,-2.9824,0.0838,4.385
2.971000,-4.2032,-3.2444,1.0501,5.413
2.983000,-5.1635,-3.4344,1.9862,6.512
2.984000,-6.0717,-3.5584,2.8955,7.610
2.984000,-6.9646,-3.6227,3.7335,8.693
2.994000,-7.7479,-3.7049,4.4652,9.680
2.995000,-8.3409,-3.8563,5.0078,10.465
2.998000,-8.8870,-3.9271,5.3882,11.110
3.011000,-9.5317,-3.6934,5.7238,11.716
3.012000,-10.0208,-3.4979,5.8527,12.121
3.013000,-10.2050,-3.4299,5.8738,12.264
3.018000,-10.2505,-3.4415,5.6867,12.217
3.027000,-10.1657,-3.4896,5.3371,12.000
3.028000,-9.9568,-3.4922,4.8535,11.614
3.043000,-9.6736,-3.4891,4.2660,11.133
3.044000,-9.2896,-3.4526,3.6360,10.556
3.045000,-8.8480,-3.3934,3.0435,9.953
3.047000,-8.3559,-3.2286,2.5804,9.322
3.052000,-7.8543,-2.9504,2.2339,8.682
3.059000,-7.2815,-2.6586,1.9985,8.005
3.062000,-6.5224,-2.4097,1.8089,7.185
3.066000,-5.6179,-2.1633,1.7225,6.262
3.071000,-4.6034,-1.9216,1.6414,5.251
3.076000,-3.4999,-1.6537,1.5275,4.161
3.080000,-2.3282,-1.3026,1.4409,3.032
3.087000,-1.0381,-0.9327,1.3504,1.942
3.091000,0.4042,-0.4988,1.2730,1.426
3.095000,2.0129,-0.0415,1.1680,2.328
3.101000,3.7047,0.4007,1.0620,3.875
3.105000,5.3964,0.8565,0.9550,5.547
3.110000,7.0166,1.3230,0.7711,7.182
3.114000,8.4934,1.8074,0.5220,8.699
3.119000,9.7846,2.2613,0.1940,10.044
3.131000,10.8934,2.5558,-0.1533,11.190
3.132000,11.6152,2.9203,-0.6703,11.995
3.147000,12.0663,3.2137,-1.1993,12.544
3.148000,12.2644,3.4338,-1.6810,12.847
3.149000,12.2127,3.6626,-2.2165,12.941
3.149000,11.7638,4.0032,-2.7277,12.722
3.158000,11.2656,4.2097,-3.2487,12.457
3.161000,10.8859,4.0722,-3.9306,12.269
3.164000,10.4871,3.8407,-4.6793,12.109
3.168000,10.1608,3.3678,-5.2901,11.940
3.173000,10.0676,2.5925,-5.5159,11.769
3.180000,9.7439,2.0799,-5.8770,11.568
3.184000,9.1142,1.8038,-6.2447,11.195
3.190000,8.2489,1.5681,-6.5215,10.632
3.193000,7.2418,1.3228,-6.6648,9.930
3.197000,6.1254,1.0066,-6.6510,9.098
3.202000,4.8626,0.8041,-6.5834,8.224
3.208000,3.6194,0.4124,-6.2231,7.211
3.213000,2.6836,-0.3663,-5.5962,6.217
3.222000,1.7976,-1.1559,-4.9107,5.356
3.223000,0.8027,-1.7967,-4.1108,4.558
3.225000,-0.2632,-2.3089,-3.0853,3.863
3.230000,-1.3366,-2.7965,-1.8877,3.629
3.236000,-2.4071,-3.2558,-0.6363,4.099
3.240000,-3.6126,-3.5898,0.5866,5.127
3.245000,-4.8496,-3.8093,1.6819,6.392
3.250000,-6.0524,-3.9827,2.6393,7.711
3.255000,-7.2268,-4.1690,3.4338,9.022
3.260000,-8.3783,-4.3309,4.1335,10.297
3.265000,-9.5138,-4.4128,4.6490,11.472
3.276000,-10.5335,-4.4083,4.8828,12.419
3.278000,-11.6275,-4.1290,5.3227,13.438
3.284000,-12.4094,-3.8985,5.3686,14.072
3.287000,-12.8313,-3.7505,5.3081,14.383
3.298000,-12.9619,-3.6998,5.1318,14.423
3.300000,-12.8339,-3.7032,4.9331,14.239
3.301000,-12.4162,-3.6672,4.7043,13.775
3.311000,-11.7514,-3.5789,4.3228,13.023
3.313000,-10.8860,-3.4903,4.0078,12.114
3.314000,-9.8905,-3.4148,3.8497,11.149
3.325000,-8.8326,-3.3495,3.7590,10.167
3.327000,-7.8861,-3.1576,3.7522,9.287
3.329000,-7.0740,-2.9350,3.7983,8.549
3.333000,-6.3745,-2.6676,3.8328,7.902
3.346000,-5.5130,-2.6732,3.7172,7.166
3.347000,-4.8603,-2.2655,3.4110,6.355
3.347000,-4.3329,-1.5928,3.1103,5.566
3.361000,-3.5230,-0.9970,2.7456,4.576
3.362000,-2.3723,-0.6189,2.4343,3.455
3.362000,-0.8837,-0.3761,2.1755,2.378
3.368000,0.6553,0.0328,1.9096,2.019
3.373000,2.3621,0.3663,1.6079,2.881
3.377000,4.1488,0.6750,1.3040,4.401
3.382000,5.7945,1.0139,0.8903,5.950
3.387000,7.1907,1.4141,0.4122,7.340
3.392000,8.3388,1.8379,-0.1093,8.540
3.397000,9.3097,2.2254,-0.6454,9.594
3.401000,10.1360,2.5745,-1.1966,10.526
3.409000,10.7358,2.8470,-1.8374,11.258
3.411000,11.1224,3.0240,-2.4890,11.792
3.416000,11.2575,3.1397,-3.0668,12.083
3.421000,10.9342,3.5049,-3.6121,12.037
3.425000,10.7988,3.5914,-4.2258,12.140
3.430000,10.7457,3.3308,-4.7201,12.200
3.436000,10.6770,2.9872,-5.2062,12.248
3.442000,10.5955,2.6399,-5.6133,12.278
3.445000,10.4925,2.2964,-5.8037,12.209
3.451000,10.1918,1.9210,-6.0914,12.028
3.455000,9.6808,1.6116,-6.4694,11.754
3.459000,9.0118,1.2794,-6.6008,11.244
3.464000,8.2540,0.9081,-6.6034,10.609
3.469000,7.2822,0.4650,-6.5161,9.783
3.476000,6.1242,-0.0614,-6.2027,8.717
3.481000,4.8735,-0.6321,-5.6372,7.478
3.496000,3.5516,-1.2347,-4.8479,6.135
3.497000,2.1540,-1.8213,-4.0018,4.896
3.498000,0.7269,-2.3947,-3.1386,4.014
3.498000,-0.6896,-2.9505,-2.3267,3.820
3.515000,-2.0570,-3.4297,-1.4762,4.263
3.518000,-3.2963,-3.8503,-0.5503,5.098
3.519000,-4.3284,-4.3475,0.4893,6.154
3.520000,-5.3916,-4.6353,1.5167,7.270
3.528000,-6.5360,-4.5978,2.3373,8.326
3.529000,-7.4742,-4.5210,2.8332,9.183
3.532000,-8.1360,-4.5611,3.1560,9.847
3.538000,-8.5346,-4.6258,3.1250,10.198
3.542000,-8.7369,-4.6530,2.7477,10.273
3.547000,-8.6322,-4.7049,2.1842,10.071
3.552000,-8.1854,-4.8693,1.5748,9.654
3.556000,-7.4238,-5.0836,1.1149,9.066
3.562000,-6.4609,-5.2492,0.5049,8.340
3.567000,-5.3297,-5.4259,-0.5394,7.625
3.570000,-4.4132,-5.6690,-2.1581,7.501
3.576000,-4.3157,-5.7619,-2.9322,7.773
3.581000,-3.9775,-5.4139,-2.8711,7.306
3.586000,-3.5049,-5.0718,-2.3867,6.611
3.591000,-3.0703,-4.5016,0.4663,5.469
3.596000,-2.8917,-3.8086,5.6119,7.373
3.602000,-2.3282,-3.6356,4.4302,6.186
3.616000,-1.9925,-3.3703,0.3704,3.933
3.617000,-2.2000,-2.8450,-0.9459,3.719
3.621000,-2.3813,-2.5968,-1.1395,3.703
3.622000,-2.1650,-2.4398,-0.9228,3.390
3.638000,-1.6056,-2.0361,-0.2899,2.609
3.640000,-0.9945,-1.4172,0.8354,1.922
3.641000,-0.4555,-0.8916,2.1273,2.351
3.642000,0.0011,-0.5285,2.8276,2.877
3.644000,0.4798,-0.2760,2.7681,2.823
3.649000,1.0400,-0.0083,2.6868,2.881
3.656000,1.5868,0.3164,3.0248,3.430
3.659000,2.0344,0.5591,3.8325,4.375
3.663000,2.4217,0.6948,4.5796,5.227
3.669000,2.7950,0.7021,4.9603,5.737
3.674000,3.0873,0.6550,5.1065,6.003
3.678000,3.2479,0.5824,5.0537,6.036
3.682000,3.3795,0.5088,4.9617,6.025
3.688000,3.4734,0.3491,4.6739,5.834
3.693000,3.5491,0.0996,4.0818,5.410
3.697000,3.5964,-0.1569,3.2082,4.822
3.702000,3.6470,-0.5763,2.0019,4.200
3.711000,3.6665,-1.0179,0.6553,3.861
3.712000,3.6318,-1.3892,-0.4377,3.913
3.717000,3.5274,-1.6360,-1.0492,4.027
3.729000,3.3628,-1.7052,-1.1272,3.935
3.731000,3.0634,-1.6947,-0.6391,3.559
3.731000,2.5508,-1.5860,0.2469,3.014
3.740000,1.8521,-1.2750,1.2813,2.588
3.741000,1.6604,-1.3818,1.7656,2.790
3.746000,1.4423,-1.4790,1.9398,2.834
3.751000,1.0205,-1.5793,1.9647,2.720
3.756000,0.7834,-1.6240,1.8249,2.565
3.760000,0.3664,-1.5442,1.3873,2.108
3.765000,-0.1017,-1.1142,1.2799,1.700
3.771000,-1.3029,0.6036,0.9390,1.716
3.775000,-2.1447,2.3399,0.2792,3.186
3.780000,-3.4678,4.3606,-0.4127,5.587
3.784000,-4.6704,6.3594,-0.4135,7.901
3.790000,-5.7891,8.3267,-0.5302,10.155
3.795000,-6.5516,9.6057,-0.9242,11.664
3.799000,-7.0423,10.5366,-1.3011,12.740
3.813000,-6.4305,10.3125,-1.6640,12.266
3.814000,-4.6331,8.9063,-2.0731,10.251
3.815000,-3.3632,7.8380,-2.7369,8.957
3.832000,-2.7359,7.1786,-3.3210,8.369
3.833000,-2.7387,6.7905,-3.7729,8.237
3.834000,-2.6868,6.2976,-4.2094,8.037
3.835000,-2.8547,5.7538,-4.5098,7.848
3.849000,-1.7595,4.6811,-3.9649,6.382
3.850000,-0.3432,3.5501,-3.4945,4.993
3.851000,0.0271,2.7330,-3.4811,4.426
3.853000,0.0535,2.0450,-3.1778,3.779
3.860000,-0.0479,1.4491,-2.5888,2.967
3.862000,-0.2820,0.9681,-1.9907,2.231
3.873000,-0.4365,0.5121,-1.5640,1.703
3.874000,-0.4855,0.1540,-1.2551,1.354
3.877000,-0.2421,-0.1812,-0.9958,1.041
3.883000,-0.0864,-0.5132,-0.9647,1.096
3.888000,0.0183,-0.8131,-1.1350,1.396
3.891000,0.0918,-0.9590,-1.5518,1.827
3.896000,0.3305,-1.0560,-1.8109,2.122
3.902000,0.5003,-1.0963,-1.8821,2.235
3.906000,0.3811,-0.9601,-1.9930,2.245
3.910000,0.1456,-0.6617,-2.2009,2.303
3.915000,0.0143,-0.3782,-2.3693,2.399
3.926000,0.1016,-0.1906,-2.3504,2.360
3.927000,0.3205,-0.2131,-1.9800,2.017
3.930000,0.5866,-0.4836,-1.2253,1.442
3.938000,0.7908,-0.7918,-0.3882,1.184
3.940000,0.8675,-0.8752,0.1993,1.248
3.945000,0.5733,-0.6349,0.2231,0.884
3.950000,0.2917,-0.3632,0.0907,0.475
3.955000,0.0240,-0.1826,-0.0701,0.197
3.959000,-0.1522,-0.0810,-0.1106,0.205
3.964000,-0.0499,-0.1070,0.1347,0.179
3.970000,0.1007,-0.2030,0.3523,0.419
3.974000,0.1986,-0.3163,0.5203,0.640
3.980000,0.0519,-0.3199,0.5380,0.628
3.984000,0.1520,-0.4405,0.5603,0.729
3.989000,0.2341,-0.4391,0.5586,0.748
3.994000,0.2895,-0.3993,0.6432,0.811
3.998000,0.3472,-0.4217,0.9216,1.071
4.005000,0.2950,-0.3941,1.1453,1.247
4.009000,0.2904,-0.3811,1.3381,1.421
4.013000,0.3766,-0.3693,1.7303,1.809
4.018000,0.5375,-0.4189,2.3459,2.443
4.024000,0.5892,-0.4087,2.1625,2.278
4.028000,0.7218,-0.4777,1.8410,2.034
4.032000,0.8078,-0.5252,1.7428,1.991
4.048000,0.8838,-0.5441,1.7721,2.054
4.050000,0.9233,-0.4960,1.7589,2.047
4.050000,0.9188,-0.4311,1.6336,1.923
4.074000,0.8602,-0.3349,1.6135,1.859
4.076000,0.8091,-0.2646,1.6529,1.859
4.076000,0.7768,-0.1797,1.5579,1.750
4.077000,0.7819,-0.0992,1.3525,1.565
4.077000,0.5782,0.1013,1.0366,1.191
4.078000,0.2904,0.3289,0.6867,0.815
4.081000,0.1786,0.4332,0.3741,0.600
4.087000,0.1488,0.4175,0.1461,0.467
4.091000,0.1213,0.2943,0.0855,0.330
4.095000,0.0590,0.2146,0.0292,0.225
4.100000,0.0426,0.1572,-0.0661,0.176
4.107000,-0.0336,0.1529,-0.2437,0.290
4.110000,-0.1164,0.1732,-0.3789,0.433
4.114000,-0.1838,0.1699,-0.4453,0.511
4.121000,-0.2043,0.1433,-0.4190,0.488
4.124000,-0.1729,0.1291,-0.2905,0.362
4.130000,-0.1326,0.0508,-0.1697,0.221
4.134000,-0.0044,-0.0082,-0.0636,0.064
4.147000,0.1504,-0.0315,0.0475,0.161
4.148000,0.2513,0.0116,0.1926,0.317
4.149000,0.3113,0.1352,0.1785,0.383
4.166000,0.3286,0.2100,-0.0230,0.391
4.166000,0.3594,0.2746,-0.2251,0.505
4.167000,0.3677,0.3171,-0.3420,0.594
4.168000,0.2814,0.3740,-0.4649,0.660
4.177000,0.1140,0.4121,-0.5991,0.736
4.179000,-0.0715,0.3985,-0.7908,0.888
4.183000,-0.1256,0.3263,-1.0499,1.107
4.191000,-0.1277,0.2461,-1.1807,1.213
4.192000,0.0272,0.2249,-1.0974,1.121
4.197000,0.2351,0.1266,-0.8389,0.880
4.204000,-0.2408,0.0541,-0.6518,0.697
4.209000,-0.2714,0.1070,-0.7244,0.781
4.213000,-0.2713,0.0846,-0.6454,0.705
4.217000,-0.0879,0.0248,-0.2048,0.224
4.222000,0.2749,-0.0175,0.1914,0.335
4.227000,0.5029,-0.0402,-0.3358,0.606
4.231000,0.3789,-0.0334,-0.3412,0.511
4.243000,0.0241,0.0770,1.1374,1.140
4.244000,0.0037,0.0240,1.6768,1.677
4.246000,0.3459,-0.0495,1.5728,1.611
4.251000,0.5672,-0.1246,1.9262,2.012
4.258000,0.4963,-0.2263,2.2711,2.336
4.260000,0.3347,-0.3672,2.0777,2.136
4.265000,-0.0146,-0.4066,1.5573,1.610
4.270000,-0.1785,-0.3799,1.2620,1.330
4.275000,-0.4811,-0.4037,0.7105,0.948
4.279000,-0.9060,-0.4462,0.3996,1.086
4.284000,-1.1917,-0.4184,0.4119,1.328
4.290000,-1.1637,-0.4034,0.3277,1.274
4.294000,-1.1342,-0.3627,0.1323,1.198
4.299000,-1.2136,-0.3199,-0.0145,1.255
4.310000,-1.3225,-0.3082,-0.1102,1.362
4.311000,-1.3211,-0.2632,-0.2500,1.370
